text,labels
"「ほんとに何から何まで再現してくれてるなぁ～すごいすごい」 ""[0","[0,0]"
"懲戒免職喰らって生活厳しくなっても、その市民の個人情報売ってメシ食おうなんて考えるなよ? #バカ / “釜石市元女性係長「情報をネタに喋るつもりだった」←あんたの「道楽」のために個人情報があるわけじゃ - 人生、成り行き” ""[0","[0,0]"
"厳しい規制やワクチン強制したような国は反発も大きいだろうな、その点日本政府は推奨やお願いでうまくやったよな ""[0","[0,0]"
"私も先日体調が悪かった時病院に問い合わせしたが、「高熱が3日以上続いたらきてください。PCRやりたかったら自費」と言われた。####検査して、現実見たく無いんだろうね。##わかるよその気持ち。私も体重計乗りたく無いもの。 ""[0","[0,0]"
"ｳｪｲｲﾝって礼儀知らずみたいな印象抱かれてることあるけど六芸を修めてたってことはやる気さえ出せば礼儀正しいのかな…確かにあれだけ喋るのに目上の人と話す時も言葉遣いはしっかりしてるし口論する時以外はしっかりしてるイメージある ""[0","[0,0]"
"ほう…麺抜きのラーメンですか？##たいしたものですね__####__:しゃあないやろ!!こんな時間にラーメン食ったら太るからな!!__ ""[0","[0,0]"
"さっぱりした。 ""[0","[0,0]"
"追手が現れたときのlkeさんのthat's lovelyこれかっこいい ""[0","[0,0]"
"お、今日もウマ娘春のヤル気ダウンキャンペーンじゃん##ウオッカ半年で4回ヤル気ダウンはイカれてんよ～ ""[0","[0,0]"
"超合金鰹節ってガッツリ減速して急なコーナーを曲がったら自動でスピンターンを手伝ってくれるんだね ""[0","[0,0]"
"アー写切り取ってアイコン配布してる人が無断転載ダメです！って言ってるのもよく見るけどめちゃめちゃ面白い ""[0","[0,0]"
"それじゃみなさんお体に気をつけて ""[0","[0,0]"
"２:ダーククロニクル##theRPG##アクションゲームじゃ####作業ゲーと揶揄されても仕方ないゲーム性、ウリの一つでありながら自由度の低いジオラマモード、首を傾げるストーリー##しかし刺さる人には刺さるのじゃ##やり込み要素も豊富じゃ####スフィーダが本体 ""[0","[0,0]"
"MIAウィンだね。##ジミーがすごい！！##審判すごい！！！##って試合でした。####この試合の後で大変だけどGame7頑張ってね。 ""[0","[0,0]"
"“アート性”ではなく“コミュニティ性”や“共感性”での売買、もっと言えばプロジェクトファイナンスに近くなっている中で。##ただ、昨日オープンした「UN/BUILT」を体験して、やはりコレをやるべきだ、やって良かったと強く感じた。 ""[0","[0,0]"
"パトカーに挨拶するワンコ君　微笑ましいね__ ""[0","[0,0]"
"強化成功率ダウン考えた奴、一流のクソゲークリエイターでしょ##FGOにおいてあれを上回る嫌がらせはそうない ""[0","[0,0]"
"素敵なレディねぇ #shokei_anime ""[0","[0,0]"
"震源地にふさわしいシンボル ""[0","[0,0]"
"焼いてくれてありがとうな#####Sky実録 ""[0","[0,0]"
"めちゃくちゃ久々に仕事がない夜なので酒飲んで倒れてる。贅沢な時間の過ごし方。 ""[0","[0,0]"
"PCっていいね ""[0","[0,0]"
"むしろ存在しちゃいけないよねぇ～？ ""[0","[0,0]"
"訳)池田大作万歳 ""[0","[0,0]"
"何人にもどんな事でも賞賛を返す。##面白そうだから敵対するし倒しても何もならない。既存の脅威に少しだけエッセンスを加える程度。##真の姿があるが誰も見たことがない。##掴みどころのない素性や凄みの中でポンコツな面も目立つが、これは演技ではなく素。 ""[0","[0,0]"
"リア友がグルチャで口喧嘩に近いじゃれ合いしてんだけど、##「うっせぇな、個別のやり取りでやれ、バカがよ」##って送ったら、既読付いたまま誰も発言しなくなったので色々終わったな__と思っています。####実際僕は口が悪いためこうなるんですけどね、許せ。 ""[0","[0,0]"
"北の方に寄ったな ""[0","[0,0]"
"へぇーそうなんやすげぇーなお前 ""[0","[0,0]"
"彼女おらんのに彼女おる？ってきけるメンタル欲しい ""[0","[0,0]"
"あーさっぱりした ""[0","[0,0]"
"青年「ほらー、かわいい子には旅をさせよ、ってやつっすよ！」##おっさん「この場合どっちが『かわいい』だと思ってる？」##幼女 ""[0","[0,0]"
"イラストで使える対比テクニックの一例：##可愛い言われまくったララフェルのひょっとこフェラ##ララフェル鼻フック##シンプルで洗練されたボディに対するセクシーポーズ##ララフェルの腋毛と陰毛　黒ずんだアナル ""[0","[0,0]"
"いい天気だね ""[0","[0,0]"
"需要と供給の話なので、むしろ企業としては当たり前に嬉しい話な訳で。##ユーザー様の貴重なご意見 ""[0","[0,0]"
"「」みたいな表現の初出ってどこだろうなーって思ってたけど、芥川龍之介の『藪の中』で""あなた方が悪いか、わたしが悪いか、どちらが悪いかわかりません★""とか使ってたので初出はこれの気がする hako584！！！ ""[0","[0,0]"
"ジョークが面白いとこも大好きだよキングスマンシリーズ ""[0","[0,0]"
"地元のことだから言いたいのだけど、病院で発電できるのか？とか言ってる人的外れすぎる。そもそも刈羽原発は東京電力だから新潟の電気じゃない。新潟で発電する必要性は無いんだよ。 ""[0","[0,0]"
"自然と調和した素晴らしい家ですね ""[0","[0,0]"
"放置Botくんのおかげで家事しながら勝ち星もらえるからありがたいわー ""[0","[0,0]"
"毎日鉄拳と将棋しかすることありません。空しいよね#####ミラティブ###将棋ウォーズ###配信 中！ ""[0","[0,0]"
"#プレゼント企画 ##つけとけば人来るやろ！！！！__####さぁて、このあと24時からはガチ勝負！__##『音火事ミッドナイト24』をお届け！！__####__400人を切るペースでチャンネル登録者数がみるみるうちに減っていく不憫なディーラーさん……たすけて__ ""[0","[0,0]"
"個人的に転売屋が脳死で人気ありそうなものに群がるアホなおかげで欲しいもの…というか必要なものには群がらないから助かるまである変わらない君のままでいて ""[0","[0,0]"
"【ラブライ部員】##ラブライブ！ファンの公式な名称。だがキャスト含めてみんなラブライバーという言葉を使い始めたため今では空気。そういう意味でも「みんなで叶える物語」なんですね##サンシャインでは「サン社員」という言い方があるが、あれは非公式 ""[0","[0,0]"
"普段はぼっちを享受しているどころかむしろ誇りにすら思っているのに突然虚無に苛まれる##人間からコミュニケーションを取り去ったらそれは畜生となにも変わらないじゃないか ""[0","[0,0]"
"毎日鉄拳と将棋しかすることありません。空しいよね__ 【しどう将棋】#####ミラティブ###将棋ウォーズ###配信 中！ ""[0","[0,0]"
"今のは神宮関係ない飛距離だった ""[0","[0,0]"
"最近一日に2~3名の方からmama活のご案内を頂く、非常にありがたいお誘いである ""[0","[0,0]"
"周平キター__####これぞ攻撃的オーダー ""[0","[0,0]"
"｢まさか自分がセンターに突っ込まれると思わなかった次PUの荒瀧｣と｢なぜか負けて神里綾華の下を取られたトーマ｣## #原神 #原神ウエハース #万葉は何処へ ""[0","[0,0]"
"社会の歯車を回すハムスターの短歌かと思ったらハムスターが回ったらランダムで言葉が選ばれる短歌だった ""[0","[0,0]"
"へー、受刑者に武器持たせて交戦するほどガンギマリしてたんだ ""[0","[0,0]"
"ホンカ　ツッコミ##かしゅう　ツッコミ##ゴゼン　ボケ##やっさだ　ボケ##ウツシ　天然ボケ##のイメージある ""[0","[0,0]"
"そんなことくらい、秒で分かれよ！！まさか、本当に多くの人が鵜呑みにしてるんか？！ ""[0","[0,0]"
"学生の研究面談をしていると、お前がどの口で言うよと自分にツッコミを入れたくなることがある。かつて修士課程での論文執筆ガイドの冒頭にDon't do as I do, do as I say.と書いてあったことを思い出す。でも私が言うことで共通の議論の場が確保されることもある。判断は常に難しい。 ""[0","[0,0]"
"アイシャも頑張ってるし！DICEも頑張らないと ""[0","[0,0]"
"まあ、でも参院選ほんとどうなるのか、ちょっと楽しみ。##実際、AV禁止を掲げたとしたら、どれだけの支持が集まるのか気にはなる。 ""[0","[0,0]"
"Oh……ほんまなら大したもんや…… ""[0","[0,0]"
"「謙虚な」ボリス・ジョンソンは、英国首相官邸 ""[0","[0,0]"
"長期投資を謳いながら短期的な値動きを気にするのって、そういう趣味というか、楽しみ方なのかなと思う。####確かに、売る気はなくても、自分の資産が増えたり減ったりすればスリルを味わえるかもしれない。####ギャンブルするより遥かに健全な楽しみ方だと思う。 ""[0","[0,0]"
"先行譲ってくれる放置botに当たるとエクゾ系の生涯ミッションが捗る捗る ""[0","[0,0]"
"ロジェと過ごしてたら知力が＋3ぐらい追加されたD ""[0","[0,0]"
"自分達の承認欲求のために自分ちの看板火にくべてるのおもろいぞ ""[0","[0,0]"
"しあわせだね ""[0","[0,0]"
"ツイッターは勉強になりますね ""[0","[0,0]"
"地図に関して##「便利だね」 ""[0","[0,0]"
"ジェンダーレスを目指すなら、新たに言葉を作って細分化するより、ジェンダーという言葉ごと概念を無くした方が早いんじゃない？ ""[0","[0,0]"
"つまり沖縄が中国に攻められても降伏はせず最後の最後まで戦い抜く！アメリカ軍の力など借りぬわ！！####という強い意志表示に違いない！####ゼレンスキー発言 沖縄知事が陳謝###Yahooニュース ""[0","[0,0]"
"大きな荷物を轢いてるよ～！ ""[0","[0,0]"
"北朝鮮を「ほっとけない」林芳正は社民党にフリーエージェントすれば良い。補償不要なCクラスですし ""[0","[0,0]"
"Twitter、インスタのおかげでそれぞれチーム愛を披露、自慢しあうことで加速度的にコアサポーターが増えていると感じる。これは一端パンドラの箱開いて止めようがない。 ""[0","[0,0]"
"じゃあ今日はAVで抜こうと思います ""[0","[0,0]"
"バおわ 今日は人気店だったのですごく疲れた ""[0","[0,0]"
"父親としてはいい男だったの画像はよく見る ""[0","[0,0]"
"シーズン1以降ユナイト離れてたからわかんないけど今ってカメ集まらないのが流行り？ ""[0","[0,0]"
"トレーニングは裏切らない！ ""[0","[0,0]"
"【拡散希望】## #自分が悪役になった時言ってみたい####健気だ！！ ""[0","[0,0]"
"EdgeにChromeにBraveにVivaldyにTor##なんでもある ""[0","[0,0]"
"SDGs、ダイバーシティ万歳！ ""[0","[0,0]"
"まだ入社して１ヶ月なのに、##6月から勤務先変わるの好き__##4ヶ月の間だけらしいけど ""[0","[0,0]"
"ゆはた:これが俺たちの力だな！ ""[0","[0,0]"
"TLに残飯の写真流れてきて今日の弁当！とか書いてあってよくよく見たら残飯じゃなかった##残飯に見えたけど大変に体に良さそうな献立だった ""[0","[0,0]"
"タバコも免許制にしたらいいね ""[0","[0,0]"
"こいつどんなアホマドリディスタやテバスよりもYESマドリディスモ体現してて尊敬するわ ""[0","[0,0]"
"AVを法律で全面禁止にしたい人達って結構な暴論を主張していますよね。そこまで言うなら「いつでも手軽に本番セックスできる制度を作れば」自然とAVは廃れて批判も殆ど無いよ。基本的にAVは代替行為だからね。 ""[0","[0,0]"
"これは豪気だね##性行為伴うＡＶ禁止の法制定を別途検討　立憲民主党が方針 #metoo #youtoo | カナロコ by 神奈川新聞 ""[0","[0,0]"
"騙しきれてない気がするのですが ""[0","[0,0]"
"逆に羨ましいすわそんな極端な場合しかそんなことない人なんて　そりゃ生きるのもうまいっすわ ""[0","[0,0]"
"太陽光パネル義務化と、今回のマイクチップは酷似してる。よくないよ####思ったんだけど、ペットを迎える時に家族として、戸籍登録すればいい！！######これって天才的発想だよね。賢い日本政府すら考えつかなかったんだから ""[0","[0,0]"
"大丈夫です空砲の遺憾砲を打ちます ""[0","[0,0]"
"ちかちかしてピッチャーのボール見逃しやすくなる効果ありそう ""[0","[0,0]"
"pi「じゃあの！」##ut「エミさん鋭いな」##em「さっきから全方位で見てるからさ」 ""[0","[0,0]"
"そういえば冨樫義博アナログ原稿なのか コピー芸めっちゃうまいのでデジタルのほうが効率高いのでは？ ""[0","[0,0]"
"【頻出フレーズ】for your information / ご参考までに ""[0","[0,0]"
"こういう考え方もあるのか まぁ日本人変にしぶといというのは事実ではあるけど急に「日本人だけでしょ」となるのは意味がわからへん そうだが… ""[0","[0,0]"
"最近の流行りではナラティブ？ ""[0","[0,0]"
"I love homework. = 宿題は大好き。 ""[0","[0,0]"
"シンゴジラの時点で、「あれだけの重量の生物が陸に上がれば自重で潰れ…」と政府の人に言わせていたので、シンシリーズの「空想vs現実」要素の何割かは空想科学読本パロディになってる感がある ""[0","[0,0]"
"素敵 ""[0","[0,0]"
"やり続けることに必ず意味がある ""[0","[0,0]"
"深夜2時半過ぎの枠で20分放送から始まった番組が2時間強の番組イベントを2回もできるようになるなんて世の中何が起こるか分からないものですね… #生キョコ ""[0","[0,0]"
"あぁよかったよかった。マルモレホスにはいい意味で期待を裏切られて____####当初の俺の予想##35試合　.188　5本　17打点　.695##現実　　　　　　##40試合　.233　5本　23打点　.679 ""[0","[0,0]"
"人はポジティブに生きられるんやなぁ ""[0","[0,0]"
"なんだかんだ3点差に持っていくのさすがだよ ""[0","[0,0]"
"SDGsなんてやめて環境に配慮するべきなのだ！ ""[0","[0,0]"
"明日のスタメン発表が楽しみだ #中日ドラゴンズ #dragons ""[0","[0,0]"
"陰湿キャラはガヤガヤしてるからうるさいという意味では陽キャ寄りやぞ ""[0","[0,0]"
"冷めた考えやアイロニーは客観性の産物であり、客観を至高で正当なものだと評価した時、それはニヒリズムの始まりでもある。##情熱とロマンティシズムという極めて主観的な観念によって、ニヒリズムを打倒しなければならない。##ロマンによってアイロニーを超越しなければならない。 ""[0","[0,0]"
"すぐに謝れないような人にはなりたくねぇな ""[0","[0,0]"
"また同じ人のリクエストってさぁ…よっぽどDのお気にーなのね。###ワイドステーション ""[0","[0,0]"
"すかいらーくの顧客満足度の高そうなWi-Fiサービスには、本当に好感がもてます ""[0","[0,0]"
"阿武町の誤振込金横領男の金、昨日に続いてまたいくらか戻ったんですね。世の中なめ切った犯罪者に好きにさせてるわけにはいきませんものね。使い切った金がどういう仕組みで戻るのかようしらんけど。 ""[0","[0,0]"
"今期の朝ドラの脚本すごいな ""[0","[0,0]"
"よう！最近よく会うな！ ""[0","[0,0]"
"lagging approval rating 　低迷する支持率　##approvalは【名詞】承認/同意など##make light of ～　～について軽んじる、冗談をいう##take a dig at ～　##digから転じて##前任者ならpredecessor 後任者ならsuccessor #####ニュースで学ぶ現代英語　#ディグダグ ""[0","[0,0]"
"【ブルトン語】Mar plij「どうぞ」、s'il vous pla_t※場合によっては「おいおい」「やったな」という意味の間投詞的に使われることもある。 ""[0","[0,0]"
"スクールカーストTOPのガキ大将の同級生が、私の友人の凄い性格の良い子と付き合って、周りはなんであいつとあの子が_って騒がれてたんだけど、今現在は別れちゃって、そしたら同級生の性悪で有名な女の子と新しく付き合ったらしく、凄いしっくりきてる ""[0","[0,0]"
"旅行でいい思い出を作るなら、最終日は楽しめる所に行って、旅の嫌な思い出は洗い流し####バイデン大統領の日韓訪問順が日本で波紋「自尊心傷付けられた」「儀礼的な意味しか… #niconews ""[0","[0,0]"
"押したからこそ7試合で勝ち点7も取ったらしい ""[0","[0,0]"
"この人は本当に優しい ""[0","[0,0]"
"今日キスの日なのか##面白いな ""[0","[0,0]"
"ネットの一意見「◯◯は△△だ」####その意見がすごく癇に障った人「◯◯は△△ってよく言われてるしなぁ～～？」####""癇に障った人""のフォロワー「そういえば""癇に障った人""が以前◯◯は△△って言ってた気がする！確かにそう思う！」####って流れを見るとそういう童話を見てる気分になる ""[0","[0,0]"
"精神的双子、やっぱりなんかおかしいということは金田一公式が認識しているっぽい ""[0","[0,0]"
"コスモスPSの進化前イラストがどうなるのか楽しみで仕方ない ""[0","[0,0]"
"3000字近い超大作が出来た ""[0","[0,0]"
"当たりまえだのノルマンディーってこと？ ""[0","[0,0]"
"若手積極起用 ""[0","[0,0]"
"カッコいい車ですね！ ""[0","[0,0]"
"わけわからんすぎてもうすごい､よくこんなややこしいものをたいした説明もなく進められたな？久しぶりに別チおじ大暴れ回ですかこれ､おもしれ～男だな！！！！！！！！！ ""[0","[0,0]"
"「サル痘は、サル痘ウイルス感染による急性発疹性疾患である。感染症法では4類感染症に位置付けられている。症状は発熱と発疹を主体とし、多くは2－４週間で自然に回復するが、小児等で重症化、死亡した症例の報告もある。」：4類か・・・covid-19よりも軽い症状なのだな ""[0","[0,0]"
"普段は「自分も同類のくせに軍ヲタを下げてインテリの振りしているアカ崩れの老害」「バレバレなのに自分の性癖を隠そう隠そうとしているクリエイターの鏡」と、宮崎氏をボロクソに言ってるわたしでさえ、このヒモに取り憑かれたことに関してはご同情申し上げる、としか言いようがない。 ""[0","[0,0]"
"ドル投資積立保険####120%だって##すごいね####みんな##お金持ちになれるね！ ""[0","[0,0]"
"今日もディシディアは平和でした ""[0","[0,0]"
"あ、、久しぶり__ ""[0","[0,0]"
"つぇるのお陰様で####今日24日かと思って冷や汗ぶわっだぞ（ ""[0","[0,0]"
"きりちゃんがリソルと相性悪いのでリソきりって少し考えたことはあるけど、全然話が進まないんだよな。 ""[0","[0,0]"
"もしかして、Touch!ならj01もMステに出られるんじゃない？ ""[0","[0,0]"
"シティとリバポは強いだけじゃ無くプレミアを盛り上げるなぁ～ ""[0","[0,0]"
"女性ひとりで中絶決定する、を成立させるなら、男性の扶養・養育義務は発生しない。##この主旨で他の人もツイートしてた。##インセルアルファ垢が提唱しとんかな##これでイーブンだなぞわたしには理解出来んのよ。めっちゃ言葉を尽くして説明してくれてんけど「感情論」並べる私にはわからん ""[0","[0,0]"
"シャイニングパール終わったからブリリアントダイヤモンドはじめたんだけど、開幕早々ポケレジェで世話になった連中が出てきてゲンナリしてる。 #ポケモンBDSP #NintendoSwitch ""[0","[0,0]"
"わかるわ ""[0","[0,0]"
"ロゼホラ前に「ブレードを青に」って言われたあとに、曲が始まるとUOを炊き出すオタクが脳が何もない感じがして楽しかったです ""[0","[0,0]"
"お兄ﾃｬ達に囲まれてドリ君幸せだね♡ ""[0","[0,0]"
"いばらんは「いい性格してる」なので……好きには好きだよ　正しいことに頭を使える子は好き ""[0","[0,0]"
"桜花賞不利あって間から無理やり上がってきて勝ったの見たらタフさはあると思って馬券内には入れてたが、勝ち切るとは思わんかった##ルメカスが大外アリガトウゴザイマスすると思った ""[0","[0,0]"
"海外含めアニメツイッタラーさんって毎日大喜利に勤しんでいて微笑ましい ""[0","[0,0]"
"映画館の売店、パンフレット入れるのと同じ袋に普通に原画入れて渡してくれたのが面白かったです ""[0","[0,0]"
"トランザの栄光というトラウマ回だ･･･これのラストシーンほんとに怖い ""[0","[0,0]"
"日本人らしいねとかなんとか言われようがルールはルールだし、そのルールを一生懸命守ろうとする日本人とルールを破って得をしようとする1部の方達を見れば、なぜNCTメンバー達が「日本の皆さんは暖かい」って言ってくれてるのかよく分かるよねという話 ""[0","[0,0]"
"地方競馬のライブ中継は##どこぞの東海テレビとは違い##レース中にCMを突然入れられて##放送を打ち切られないので安心####きょうの地方の重賞##あすなろ賞は◎ジェイケイブラック##佐賀ヴィーナスカップは人気でも◎ダノンレジーナから買ってみました####さて、どうか ""[0","[0,0]"
"よもや2019年サガン鳥栖の偉大な記録に並ぼうってんじゃないだろうなあ。 ""[0","[0,0]"
"よく「ちむどんどん」と「まれ」を比較する方が多いけど、内容はそんなに似てると思いません。但し、「まれ」も前作が名作「マッサン」でBSプレミアム/BS4Kが「あまちゃん」だったから、どうしても比べられちゃったんだよね。比較が正しいとは思わないけどこれは仕方ない ""[0","[0,0]"
"緊迫の投手戦 ""[0","[0,0]"
"東京スゲェ～ ""[0","[0,0]"
"まだ世界にないリーグを…リーグワン ""[0","[0,0]"
"鮫島さんはネトウヨができなかった朝日新聞社長の首飛ばす快挙を成し遂げたネトウヨの星ですからねえ ""[0","[0,0]"
"最新話が放送されたの深夜23時で、その後大きなニュースが無かったからっていうのもあるんだろうけど、作品名ってよりCP略称が12時間以上もトレンド残り続けるってすごいな～日本は平和すなあ ""[0","[0,0]"
"すげえ。さすが俺たちの経団連 ""[0","[0,0]"
"令和ライダー最高傑作 ""[0","[0,0]"
"活動的な鬱だねみたいなリプついてるけど、産後うつ拗らせた私の母親は自殺はしたいが娘のトラウマになるのはダメ、かっこよくそれっぽく死ぬにはどうしたら良いかと考えて米国に飛行機免許取りに行ったクチだからどう発現するかとかはわからんよ… ""[0","[0,0]"
"SNSで”個人”としてアカウントを持つ時代になって、この傾向は顕著になったと思ってたんだけど全然そんなことなくてすごい ""[0","[0,0]"
"嘘が本当になったか。####よっしゃラッキー！！！###ドンブラザーズ ""[0","[0,0]"
"なるほど、嘘が本当になったか！ ""[0","[0,0]"
"嘘が本当になる ""[0","[0,0]"
"嘘が本当になったかぁ ""[0","[0,0]"
"大二ご苦労さま ""[0","[0,0]"
"＜週間ランキング２位！＞##小泉悠　ウクライナの穀物が標的？　核と生物兵器の危機再び ""[0","[0,0]"
"なんか、これ、すごい誉めてもらったけど、##うちの夫、めっちゃ優しいんだけど、##手荒れした時とか、防水の絆創膏買ってきてくれる優しさもあります。 ""[0","[0,0]"
"デュエル・マスターズ最高！ ""[0","[0,0]"
"母子共々援助が必要なのは確かかもしれん ""[0","[0,0]"
"この元市長さんの名前、数年前、下吉田の素敵なお宿の近所で見かけたなあ。。 ""[0","[0,0]"
"#サントリー不買運動 ##配る位だから問題無いよね。 ""[0","[0,0]"
"え？　僕も、欲しいな。どこで配ってるの？ ""[0","[0,0]"
"ついに失策を認めたか。二股掛けの失敗は文在寅に通じるがねえ。####メルケル前独首相、ウクライナとの連帯表明　沈黙破る＝関係筋###Yahooニュース ""[0","[0,0]"
"ごまごまちゃんより断然アシベの方が好き##同じ森下裕美先生だとあとは##ここだけのふたりと大阪ハムレット####大阪ハムレットの実写は観てないです ""[0","[0,0]"
"ぼっちで低所得者でも遊べる趣味は偉大... ""[0","[0,0]"
"__歳とる度にパパに似ていってくれ##見た目は仕方ない…血が繋がってるからね…… ""[0","[0,0]"
"トラオム追悼会 ""[0","[0,0]"
"マジで羨ましい　滅多にないだろ ""[0","[0,0]"
"奄美でミント「あまミント」Twitterでも大人気ですね。商業栽培なら開花結実までに収穫するし、地下数十センチまでブロック埋めて囲めば地下茎対策も出来る。##「なぜ奄美でミント」と内容も見ずに批判してる人もいるけどシマ出身のバー経営者が島興しまで考えた→ ""[0","[0,0]"
"今日もお勉強楽しかったなぁ～##早く帰って遠征準備しなきゃ ""[0","[0,0]"
"明日は観に行けないけど、本当に面白いネタをした人がきちんと上のリーグにいけますように！ ""[0","[0,0]"
"楽しそうでええねぇ ""[0","[0,0]"
"千ラのトイレきれいすぎだろ ""[0","[0,0]"
"はーさっぱりした ""[0","[0,0]"
"三矢、海の似合う女だ… ""[0","[0,0]"
"学校と病院ではこんなに褒められないむしろ貶されるからね ""[0","[0,0]"
"いや、そうか、違う。もともと私の果たすべき役割など消滅していたからこそ、私は光すら届かぬ奈落の底に幽閉されていたのだ。 ""[0","[0,0]"
"絶景じゃん ""[0","[0,0]"
"ワクチン2回の陽性率、半数世代で未接種上回る　厚労省再集計で判明##2022.6.1 日経ビジネス ""[0","[0,0]"
"やっぱりARKは神ゲーだぜ ""[0","[0,0]"
"倫理的に最も物議をかもす研究は、国外で行われているそうです。####この最低な神経。####こんなのと付き合う、同盟して価値あるか？####____は自分で自分の価値を下げてること理解しろって。##いや、マジで最低だけど、米帝様 ""[0","[0,0]"
"【限られた #単語 で #英会話 】##428: mistress####すぐに来なさいと上司に命令され##『分かりましたよ、奥様』##＊一般的に「愛人・不倫相手」に使われるが　##『権威ある女性』という意味###ドクターハウス#####英語学習 #英語表現 #英語フレーズ###洋画好きと繋がりたい #1日1本オススメ映画 ""[0","[0,0]"
"そういえば席替えしたら前から2列目の凄く見晴らしのいい席になった####ペアで話してくださいって言われて周囲見たら女子しかおらん##てかみんな頭良 ""[0","[0,0]"
"わたしがグラブルユーザーになったのはテイルズのおかげなので本当にありがとうね ""[0","[0,0]"
"「止まれ」の標識を華麗にスルーして飛び出した自転車のJKと危うくニアミス。##このJK、車校で免許取ったら早々に一時停止無視の出合い頭で事故ってそう ""[0","[0,0]"
"今日は大学見学してきた！！！！！！####来年の受験が楽しみだなぁ～ ""[0","[0,0]"
"仕事楽しいっすね ""[0","[0,0]"
"海外のプオタには「KENTAから出番を奪った」「モクスリーはどうした」「日本のジョン・シナが来た」とわりかし不評だけどな。 ""[0","[0,0]"
"科学の ちからって すげー ""[0","[0,0]"
"nice to meet you ""[0","[0,0]"
"うわーお顔がお人形さんみたーい###何か見た ""[0","[0,0]"
"ワンパンマンの村田みたいに連載も時々で##一度世に出して読まれた漫画を即改変させてもらえるなら鬱になる漫画家も減ると思うんやけどなあ ""[0","[0,0]"
"近代なんとかのHPはトップページにすぺての出演者の画像と情報を載せる画期的な手法のホームページの作成手法を続けるらしい ""[0","[0,0]"
"3Dオーディオのメリットふんだんに生きてますね ""[0","[0,0]"
"マスク氏がテスラ社員に最後通告：オフィスに戻れ、さもなくば退社を(Bloomberg)###Yahooニュース ""[0","[0,0]"
"ワンピース、ドレスローザの時はホビホビの実を最悪な能力みたいな表現してたのにキビキビの実の洗脳は味方のすることだからオッケー！みたいなのめちゃくちゃ海賊的でいいよね ""[0","[0,0]"
"ヘッジファンドなどの規模が大きくなると、小国の通貨発行は発行数的にどういう事態がありうるか、東南アジア通貨危機が示しているからなぁ… ""[0","[0,0]"
"先輩にあのこと話したら買ってくれた__##うれしみ！##このグミはその子からオススメされたやつ ""[0","[0,0]"
"甘味料であるステビアは発ガン性物質として言われているけど、実際はデマで、むしろステビアは多数の薬効があり、Ｃ型肝炎の抑制効果、２型糖尿病の細胞レベルでの改善効果、制癌効果、高血圧抑制効果、滅菌効果、胃腸薬としての効果、二日酔い緩和効果などがあげられるよ。 ""[0","[0,0]"
"_パの出てくる現パロを書いた事はないけど、もし書くならアシi_パというアiイiヌの少女として書くし、それはそんなに難しい事だと思ってなかったんだけど…“転生ネタで同じ名前は無理がある”とか“現代を生きるアiイiヌの_パを表現できない”というツイートを読むと、意味が分からない ""[0","[0,0]"
"くら寿司すばらしいな ""[0","[0,0]"
"パンケーキでも食いに行こうぜ ""[0","[0,0]"
"もう夜ですね。##私はマイキャラルーム自体どうなるか楽しみです、フレンド一覧実装されないかな～。###マシュマロを投げ合おう ""[0","[0,0]"
"社会のさまざまなリテラシー層が参入するほどの大きなWEB3プロジェクトでは、危機の時に民衆を落ち着けることができる口が達者な指導者が必要になる、というのも学んだ####そしてDAOはある程度、小規模でないと長く存続していくのは難しいのではとも感じた。 ""[0","[0,0]"
"博士男女両方とかポリコレ対策ばっちりやね ""[0","[0,0]"
"と、書きながら、既に〈そういうこと〉ではなくなっているのかもしれないという考えが頭をよぎる。##書いたもの勝ちみたいな、後のことは知らないみたいな…。####「文責」なんて概念、今のメディアにあるのだろうかとも、署名と書いた記者が違うなんてことを聞くと思ったりする。 ""[0","[0,0]"
"嫌いなものについてもいい……つまらなそーにはじまってヒートアップして締めに人生って素敵ね！好き ""[0","[0,0]"
"これ小説にしたら売れるんじゃね？ ""[0","[0,0]"
"日本はいつから、こんなに自慰ばかりする国になったのか？##それが少子化に繋がっているのか？##G7、G20、BRICs、後進国、発展途上国、すべて抱き合わせて日本を確立すべきが本当の日本の姿。##日本は既に後進国の仲間だという認識こそ日本再構想。 ""[0","[0,0]"
"今月、毎週末ラブライブ遠征になりそうなので、空いてる時間は艦これイベ進めないと…　艦これの一番凄いところは、イベ開始時に終了時刻が全く明記されないことだと思う ""[0","[0,0]"
"ルセラフィム放送点数女王じゃ～～～ん ""[0","[0,0]"
"マジで1回見ただけで覚えられんし、まあまあの処置を1個も見逃さずとか無理やし。昔過ぎて新人の頃のこと思い出せないんだろうなぁ。 ""[0","[0,0]"
"14万稼げるだけいいですね ""[0","[0,0]"
"『令和のこの時代に昔の古き良きニコニコ感溢れる動画』が出てきたのも盛り上がりポイントだと思ってる##多分この人はそこだけ理解出来てない####とはいえ俺は今のニコニコを知らんから、今もずっとあんな感じなんだとしたら何も言えねえ ""[0","[0,0]"
"biting /b_iti_/　〔形〕身を切るような，痛烈な，［副詞的に］身を切るように ""[0","[0,0]"
"__初日完売してなくて優秀！店内みんな飲んでてｵﾓｼﾛ…夏はずっと販売して欲しい ""[0","[0,0]"
"投打が噛み合ってて良いと思います ""[0","[0,0]"
"チート許されるんならやっとけばよかったなあ ""[0","[0,0]"
"別にメルカリの通知に気が付かないのは僕のせいだけど、推しを傷つけた上にメルカリの一昨日のコメント3人分放置してたのは流石の僕でも罪が多すぎる、ということで、少しだけメルカリのせいにさせてはくれないか。 ""[0","[0,0]"
"一部見ましたwww##面白かったねー！ ""[0","[0,0]"
"本当に##色んな人がいるにょ__ ""[0","[0,0]"
"インフルエンザは茶番！！ ""[0","[0,0]"
"打線は早く援護点入れてマーにナイスゲーム！って言わせるんだよ #RakutenEagles ""[0","[0,0]"
"元ネタ的にアラン氏って炎属性なんじゃねえかなって ""[0","[0,0]"
"あーさっぱりしねえ ""[0","[0,0]"
"素晴らしいＳＤＧＳですね ""[0","[0,0]"
"BIOに「日大」って書くだけでキショい学歴厨が釣れるの最高だな学歴社会とかいうもの ""[0","[0,0]"
"2022年度1月から20週目2022年5月25日##インフルエンザ感染者数##全国累計総数：519件##内訳##大阪：48件##愛知：35件##岡山：34件##神奈川・京都：30件####日本国じゃインフルエンザって新型コロナウイルスより感染力強く死者数多いんだってね！！！ ""[0","[0,0]"
"mustの「主張・欲求」用法は知ってる？対象が自分の義務用法と解釈してもいいよ。####He must always have his own way.##「彼は常に思い通りにしたがる」####Must you slam the door?##「ドアそんな音立てて閉めなきゃダメ？」 ""[0","[0,0]"
"齋藤学への自分の眼差しは厳しすぎるなあ、と自戒する。だけど今季もまだ何も成し遂げてないと思っていて、高いと目される報酬に見合ってるとは到底感じない。####彼は今日おそらく出場するはずで、声出しだけでないプレーでの貢献を期待する。本当のラストチャンスだと思って見守る。 ""[0","[0,0]"
"時間がかかるのは理解したけど、全く間に合ってないのは厳しい。そもそもなぜヴォルでやれると思ったのか ""[0","[0,0]"
"AVやアダルトサイトは今や普通の娯楽になってしまっている。だからこそそれらは誤りであってこういう悪影響があるというのを私も発信している##日頃考えることも、周りの人を見る目もおかしく ""[0","[0,0]"
"この場合は肯定的な感情で口にしています。 ""[0","[0,0]"
"うー、薬品臭嗅いでから３日経つけどその間やっぱり具合悪いしめでたく今日風邪引きました。##１日１回の葛根湯で様子見してたけどフルで飲まなきゃいけんやつ__連休とれないのも原因だわな。 ""[0","[0,0]"
"9条変更が可愛く見えるほど、他項目の変更内容がヤバい#### 緊急事態条項って独裁国家の権力を憲法が保証してるようなもんじゃん。国は理由は何でも良いから緊急事態宣言発令すれば憲法を後ろ盾に国民を…__####基本的人権のない憲法って憲法の存在意義の放棄じゃん ""[0","[0,0]"
"今日も素晴らしい一日が始まったね ""[0","[0,0]"
"よし7人いるな ""[0","[0,0]"
"今月の目標：ネガティブなツイートしない ""[0","[0,0]"
"Webtoon は誰が完成形をイメージできてるんだろ、と気になってる。##私が想像してるのとは違うやり方で作れるものなのかな？##これから作品がいっぱい出てくる中で、そういう制作事情も面白そうと楽しみにしてる ""[0","[0,0]"
"最高のクリスマスプレゼントだよ ""[0","[0,0]"
"都響####バーンスタイン##弦楽合奏の響きもよいが　ソリストが暗譜で時々勝ち誇ったような笑顔を見せるのも良かった####コープランド##交響曲が始まったと感じさせる出だし　1944-46という作曲年代　プロコフィエフ や諸井三郎を思い出しつつ長い夢想の時間を過ごした####リットンが偉い ""[0","[0,0]"
"＜存在しないツイートBot＞##こんにちは。クラッシュフィーバー公式ツイッターアカウント担当です。####「ハクキョイ」のゲットおめでとうございます！##ぶち殺したくなる性能してますよね####ぜひ色んなクエストに連れて行ってあげてくださいね♪ ""[0","[0,0]"
"防衛戦みたいなとにかく時間稼ぎしたいバトルはオベロン便利だったな##宝具打てば敵はスヤスヤだし頃合いを見て宝具クソコラローマに夢のおわりかければ良いし ""[0","[0,0]"
"ファタールモルガナ自陣の繋がるアクキーとか欲しい ""[0","[0,0]"
"ソフトバンクホークス の 攻撃 おもしろすぎん？ ""[0","[0,0]"
"おめでとうございます ""[0","[0,0]"
"でもみんな聞きたいでしょ！？フォロワーの職場のドアみてえな叫び声をよ！ ""[0","[0,0]"
"上手に均衡保ってますね ""[0","[0,0]"
"あの戦争を一秒でも早く終わらせる方法は、米帝ＮＡＴＯが軍事介入してツァーリ軍の主幹戦力を破壊することだ。うん、米帝ガチで巻き込まれて売電白目、ＮＢＣが飛び交うかもしれないけど、それでもツァーリの顔色伺うより早く終わるよ ""[0","[0,0]"
"今日も忙しかった ""[0","[0,0]"
"何か買うだけで｢え！それ買うの！？お金に余裕あっていいなぁ｣みたいなこと言ってくる女と、ATMという名の彼氏にコスメだの服だの買わせて挙句の果てには退去費用全額払わせた女は元気かな__って時々思い出す ""[0","[0,0]"
"ナナセストの荒れてる理由が毎回可愛すぎ～～～！！！ ""[0","[0,0]"
"マスターデュエル今までで一番勝ちやすいカジュアルに優しい環境になってるなぁ ""[0","[0,0]"
"現文のテストのこの感じめっっちゃ懐かしい！！！！ ""[0","[0,0]"
"スターリンはその空気を理解してたから、黒ドイツがすぐそこまで来ても『余はモスクワに留まる』と宣言したと思うぞ。 ""[0","[0,0]"
"6__ｶﾞｰって本当に健気だと思うんだよねー。自分が好きな人を見るために嫌いな人がほぼマストですぐ近くにいるのにそれでも頑張って見て、でも好きな人だけに注視する術を身につけてないから好きな人への賞賛より嫌いな人への愚痴が多くなりながら___宅やってると言い張るの本当に健気。 ""[0","[0,0]"
"ボケるときには、それがどういうカテゴリなのか、誰の発言を承けているのか、それをスムーズにかつ十分に受け取るための予備情報、を提供したうえで、そのうえで余計な説明をしない、というのが必要。 ""[0","[0,0]"
"それでお互いに内容忘れてるの本当に草だし無限の可能性って感じ ""[0","[0,0]"
"SDGsって素晴らしいなあ ""[0","[0,0]"
"映画からの外飲み__少しの仮眠しかしてないのに休日を楽しませてくれる旦那ｻﾝがﾏｰﾍﾞﾘｯｸより好き__『どんだけ好き？』って聞くと『箱にしまって置きたいくらい__取り扱い注意だからﾌﾟﾁﾌﾟﾁに包んで__』って__##ﾏｰﾍﾞﾘｯｸに負けない位の視線__ﾍﾞｯﾄで頂きました__ ""[0","[0,0]"
"これでどう？ 嬉しいかい？ 気が済んだ？ それは何より。→って言って怪物の腕もげるイケメンの人が出てくるアニメの題名忘れた ""[0","[0,0]"
"__####それまではピンピンしていた人が急に？##なぜ‥？)__####____かんぜんはんざいでーす__そしてコロナ死亡に計上__マッチポンプ～！ ""[0","[0,0]"
"キャラクターが動かないんだよなー… アニメと合わせてきたのかな？ ""[0","[0,0]"
"仕事でちょっとしたミスしちゃってめっちゃ凹んでるけど5__だったらこんなミスしても気にせず呑気にエペしてるだろうなと思うと気にしなくていいか！ってなる！ありがとうな5__！ ""[0","[0,0]"
"スポーツマンシップにあふれた戦争すき ""[0","[0,0]"
"AN-94のマズルデバイス、円形のチャンバーとか何か秘密があるはず。きっと高速2点バーストとも関係があるはず。ワイヤーやプーリーと同じで。 ""[0","[0,0]"
"今日も素晴らしい一日でしたわァ ""[0","[0,0]"
"甘の蒼天の拳##ここまで酷い台よく作ったねって十数年ぶりに思った##分かったのは一発告知台で北斗無双が可愛いレベルのクソバランス##頻度は高くない物のハズレるクソ長いリーチを見せられるのは拷問##マイベストゴミ台解体屋ゲンを彷彿とさせた##現代でこれ作るかと考えるとこっちの方が食らった ""[0","[0,0]"
"凄い久々に学者でもヒールキツいタンクとかち合ったのとDPSの子達も漏れなく被弾しまくって床掃除しまくるエキルレで久々にテンション上がった ""[0","[0,0]"
"邪悪な既婚者アカウントからの指摘で""性に奔放な女に遊ばれて飽きたら捨てられた""話だったらうんまぁよくあるよね、で終わるんですけどね もうちょっと事情が複雑で、隅田川に浮かびたくなる話なのよこれが ここで全部ゲロるつもりはないけど、人生の汚点だよ汚点 ""[0","[0,0]"
"まだまだ打ってくれるぞ日本人 ""[0","[0,0]"
"上手くいってることだけ目を向け、石につまづいたことは、くどくど考えず、かなぁ。####Cさんは、Cさんなりの幸せを願って忘れて、予定組んだままでいてくださってるTさんを楽しませてあげられるよう全力で、かなぁ。 ""[0","[0,0]"
"正直、めちゃくちゃ楽しんでプレイしてるので##このレビュー書けるのは超頑張らないと無理な感じある。 ""[0","[0,0]"
"「ロシアではかつて農業省が中心となり、穀物を攻撃し、病気を引き起こす生物兵器を製造していました」####農家として無視できない話ですね####小泉悠　ウクライナの穀物が標的？　核と生物兵器の危機再び ""[0","[0,0]"
"めちゃくちゃ忙しい時期に全然供給なくてむしろありがたい ""[0","[0,0]"
"例文で「習うことには習ったが、覚えられなかった」 ""[0","[0,0]"
"ちゃんと謝れるえらい ""[0","[0,0]"
"驚くほどの数のなりすましメールが?!月曜日で先方は、張り切っているのか迷惑です。騙されないとは思うけれど皆様、お気をつけて！金融機関・配送業者・通販サイト・放送事業者……色々なパターンだ###なりすましメール###迷惑###騙されないように###お気をつけて ""[0","[0,0]"
"セルフで開けてくれる2000円ガチャ引いた#####煤被りフィルム ""[0","[0,0]"
"でも私もｽｴﾑのアーティストにはまったばかりの時は差別とかメンバーを競争させるようなシステムを知らなかったから所属アイドルを大事にしろって怒った時期もあったけど、ｽｴﾑは所属アイドルを自分達の会社の社員の一人としてしか見てないんだと思う。だから部署移動も成績競争も転勤もある ""[0","[0,0]"
"最初から遊ぶことを目的にして大学来てる人なら全然良いと思うけど、学びたいから入った人がそうなるのは危険だと思う ""[0","[0,0]"
"前職はIT関連だったけど、米国で働いてる同職同年代の方が倍以上の給料もらってて、心折れてか気楽に仕事と向き合えるようになったの思い出した ""[0","[0,0]"
"昨日の仕事。##とある緊急事態発生。##私：報告せな。####私：上司に報告…この報告事態、上司の代理だからいいか。####上司：緊急連絡網来たけど、やってくれた？やってある形跡があるから。##私：やりました。最近、この時間帯誰もいないので ""[0","[0,0]"
"自分で言うのもあれだけど、アメリカのヒーローコミックの話してる時のぼくは「天ちゃん」だと思ってる。##京都アクセントで冗談を言い出したら「天様」だと思ってる ""[0","[0,0]"
"ジマー、食傷気味なんて思ってしまっていた時期もあったけど今はZEDDとかマクドナルドのポテトみたいに死ぬまで永遠に食べられる品質 ""[0","[0,0]"
"教室では出席とっておらず，LMSを通じてリアクションペーパーを提出してもらっている。にもかかわらず，こういう学生がわざわざ教室に来て，テキストを開くでもなくメモを取るでもなく，ただただ90分座り続けている。##時間の無駄だとしか思えず，まったく理解できない。 ""[0","[0,0]"
"革命的なプラットフォームに気付かず、入ろうともせず、賢い外国人にこれ程自由に先んじて使われて文句を言っても仕方がない訳です。ただし次回があるとすれば「保守政党」としての体を為す基準を合議で決めたいところです。ＮＨＫスクランブル化以降の「諸派党」の姿です。 ""[0","[0,0]"
"レアなフィルム高額で売ってる人が別出品してる未開封フィルムが売れてるの面白いね ""[0","[0,0]"
"個別のヘイトを煽るつもりはありませんが、中国資本の学校に中国人学生多数在籍なら、カリキュラムはどんな感じでしょうか。教師の待遇もよさそうですね。##ヘイトではなく、そういった危機意識はあって然るべきと思います。##先住民は快適な社会環境を維持する権利があると思います。###RCEP ""[0","[0,0]"
"復刻楽しみですね ""[0","[0,0]"
"在日ロシア大使館の特徴##・謎タグを量産する。##・ファシストが大好き##・偶にリプを返す##・フェイクニュースをいっぱいくれる。##・親ロシアの囲いがいっぱい居る。 ""[0","[0,0]"
"乃木中に合わせて赤旗出してくれるのありがたい #乃木坂工事中 #F1jp ""[0","[0,0]"
"家パチ配信で激アツ外れでそこらの机を台パンしてるの見て「金かかってなくてそこまで熱くなれるのすげぇなぁ。それなら金かかってるホールならなおさらやってんやろうなぁ」とか思ったり ""[0","[0,0]"
"パーフェクト###F1jp ""[0","[0,0]"
"ザヴィ「もう雨はないで」##ルクレール「いいね」 ""[0","[0,0]"
"いつも思うけど私の痛バサイズデカすぎる。荷物でパンパンになるからちょうどいいんやけど、、、就活の時もカバンパンパンにしてて面接官の方に「すごいね」って言われたことあるからほんまに荷物多い ""[0","[0,0]"
"元気でな！###銀河鉄道999 ""[0","[0,0]"
"今週も平和だったな～ ""[0","[0,0]"
"東雲家のバナー楽曲2人とも歌詞に｢アイロニー｣って入ってるの良すぎる… ""[0","[0,0]"
"コードネームはイエローライス###snd ""[0","[0,0]"
"有吉さんのコードネーム##イエーローライス###snd ""[0","[0,0]"
"尾崎さんも言ってたけど、こういう普段尾崎さんを目にしない人達のところに記事が出るときって、色んな有難い方々が沸きますよねぇ。 ""[0","[0,0]"
"限定ライドはいつもの如く当たりませんでしたけど、白うさぎスタンプと__5チケ取れたのでとりま満足。####良くも悪くも #ミューパレ との距離感が決まった。ガチになるとイライラするのでゆるーく追いかけていきまーす。 ""[0","[0,0]"
"ボチボチ本格始動15の970k。##そういえば、このゲームまだ本稼働開始してないんだよね？##いったいこれが本稼働したら、##どんな大流行を巻き起こしてしまうんだ？？ ""[0","[0,0]"
"さすがは坂東武者 #鎌倉殿の13人 ""[0","[0,0]"
"1年記念日おめでとう！！ ""[0","[0,0]"
"鋭い推理 #サザエさん ""[0","[0,0]"
"二人旅 ""[0","[0,0]"
"間違えてました！ ""[0","[0,0]"
"マックでチップ払ったことないや####申し訳ねえ ""[0","[0,0]"
"人の命は軽い ""[0","[0,0]"
"強制的に土日どっちも外出イベントあるのまじでつらい。しかも一個は急に言われて、遠回しに断ったのに、断ったこと無視されて予定入れられたからな。くそイラつく。 ""[0","[0,0]"
"遅れた！##今でこそ推しがどんどん居なくなって、IRIAMの亡霊と化したけど、最推しの消失で復帰するのか分からなくなりました##あなたの復帰が私の復帰！##IRIAMライフ楽しめた！ありがとう！！ #七瀬亜希 ""[0","[0,0]"
"ら‥‥####ライブ楽しかったね～##昨日もライブが楽しかったから今日の違法出勤も頑張れる～####今日も一日頑張るぞ！__####あっ！楽しそうな大阪の情報見ないようにブロックしまーす ""[0","[0,0]"
"急な休日出勤もNEXT COLOR PLANETを聴きながら出勤すれば心はうきうきではりますなぁ！ ""[0","[0,0]"
"会議は予定の時間なんて気にしないし、定時過ぎて至急のメール・電話が来るし、スケジュールが遅延してるのに追加の作業入れる。日本人はホント時間にルーズだ ""[0","[0,0]"
"君の活躍のおかげ #vice_television ""[0","[0,0]"
"ようこそ ""[0","[0,0]"
"お世辞抜きで ""[0","[0,0]"
"今んとこ##一番良かったのは##カミラ・カベロだな#######UCLFinal ""[0","[0,0]"
"おもしれー男が粘着しているって認識でおけ？ ""[0","[0,0]"
"新型コロナワクチン打っても“未接種扱い”にしていた…厚労省「理由は不明だが意図的なものではない」(CBCテレビ)###Yahooニュース ""[0","[0,0]"
"私は、この映画が単なるコメディではなく、##アクションやロマンスがあるものにしたいと思っていました。##これはハッピーエンドのおとぎ話ですが、##主人公が夢見ていたハッピーエンドではありません。##アイロニーは、##常に私が選ぶ物語の中心にあります。####ーーテリー・ギリアム ""[0","[0,0]"
"かっ飛びのラピエール###LeMans24jp #LM24jp #WECjp ""[0","[0,0]"
"色んなひとと関わって「自分」を伝えあっていくというそういう場で希望を持っていられるっていうのそれだけで凄いことだと思うんですよね ""[0","[0,0]"
"世界一笑顔が似合わない少年、スカラマシュ ""[0","[0,0]"
"スシロー終了したらしい ""[0","[0,0]"
"宝くじは結果的に損するぞ!気をつけろ!##宝くじは公営ギャンブルだと思います!###いまだかつてない宝くじ ""[0","[0,0]"
"「坊ちゃん爽やかだな」##「どうも」###怪物同時視聴 #______ ""[0","[0,0]"
"にじさんじって今何人いるんだっけ？多分顔と名前は一致すると思うけど全員の名前言えって言われたら言えないしどんな人？って聞かれても数人しか答えれない##そのくらいしか知らないライバーに対して言えることなんてなんもないよw##大して見てもないろっさんに意見してる人が沢山いるのはすごい ""[0","[0,0]"
"パルキアカードゲーム##たまげたなぁ… ""[0","[0,0]"
"Diablo Immortal をプレイしてるだけでBANされた男 ""[0","[0,0]"
"その界隈自体に本来は突っ込みたくもないんですけど、自分の知らないところで鏡音ちゃんが何か言われてるのは嫌なので最低限の情報はいれときます例え別界隈であったとしても「鏡音リン」「鏡音レン」に変わりはないので ""[0","[0,0]"
"プロフィールに肩書きや経歴を盛り盛りな人を見ると自己PRは大事だなと思う ""[0","[0,0]"
"時代の変化を感じるのう####新ドラは大嫌いだけど夢のある話しは好き。 ""[0","[0,0]"
"SUPERNOVA Tohoku、東北って宣ってるくせに青森・秋田・岩手に1店舗もないのすき ""[0","[0,0]"
"高梨ウィーラーがめちゃめちゃ拍手されて八百板がなかったら理不尽だったから逆に拍手されてて安心したわ ""[0","[0,0]"
"なんかおもしろい笑 ""[0","[0,0]"
"羽海趣味がよろしいのでこういうの考えるの好きなんだ＾＾ ""[0","[0,0]"
"クリームヒルトの「人生って素敵ねぇ！！！！！」ボイス聴いたんだけどめちゃくちゃ好きだな…… ""[0","[0,0]"
"聴き直してて思うのが最近のアルバムは本当に良いよなぁという事。##どうしても1stから3rdくらいが黄金期ということで注目されちゃうけど、ここ4作くらいは充実してると思う。 ""[0","[0,0]"
"友達になれるタイプ ""[0","[0,0]"
"ベル ""[0","[0,0]"
"最後の最後に、目の前で肥前くんが笑ってくれるというファンサをもらい去っていく後ろ姿を見送ったとこで目覚めた ""[0","[0,0]"
"美しい国　日本 ""[0","[0,0]"
"ディスコエリジウムとソウルハッカーズ2がモロカブリだな。どっちが真のハードボイルドか見定めたい ""[0","[0,0]"
"DBD、マッチ改善とアプデ直後でマッチング光の速さになったけど、相変わらずキャンパーは多いわね… ""[0","[0,0]"
"9安打1得点て、なんて芸術的なんだ____すんごーいーー！！ ""[0","[0,0]"
"明るい未来に就職希望だわ～ ""[0","[0,0]"
"期待の新人が入ってきて社内が騒然としてる ""[0","[0,0]"
"ラッキーゾーン ""[0","[0,0]"
"新しい憲法が自民党案で通れば解決されますね。 ""[0","[0,0]"
"原作知らなかったので驚いたこと等##◆宿敵はキングピン！##名前が出てきて驚いた。しかもちゃんとフィスク。これはモービウスのアレもあって今後絡んできそう。##◆地味に強い##盲目なのでデフォルトで不利なヒーローなのだが、まさかのラスト10分でキングピンを倒すパワーがある。 ""[0","[0,0]"
"ちゃんと確認できて偉い ""[0","[0,0]"
"ボーナス入ってた！プラス査定ついてた！ありがとうございます！メンタルケアに充てます！！！ ""[0","[0,0]"
"「もしかして彼氏なんて出来ちゃったり」 ""[0","[0,0]"
"中○の人ってすぐそう言うよね ""[0","[0,0]"
"おハコ ""[0","[0,0]"
"メドレーかな？ ""[0","[0,0]"
"おわ～～～～色々考えてにやにやしちゃった… ""[0","[0,0]"
"1500万人おめでとう ""[0","[0,0]"
"1点取られたし負けるかもな ""[0","[0,0]"
"裁判所の判決も、しっかり分量明記してくれるんやろか・・・？ ""[0","[0,0]"
"資本主義上流階級は自分が育ってきた環境に対して疑問を持たずに済む所が素晴らしいと思う。 ""[0","[0,0]"
"いや厳密に言うと、メインカルチャーのCMなども、申し分程度には叩いているが、萌え絵ほどの勢いはない。 ""[0","[0,0]"
"マスク着用が嫌な人は素直に他の店へ行こう##そうすれば客も店も損をしない ""[0","[0,0]"
"吸死ここ3巻ぐらい自分的にいまいちだったんだけど、21巻はドラルクとロナルドの登場頻度が復活してて良い ""[0","[0,0]"
"戦後、GHQから続くWGIP、右へ倣え教育の賜物ですね##「悪いのは、データ改ざんした人ではなく、騙された私の方です」##…というか、__で報道管制してるから認知してない人も多そう。情報格差の広がり＆自虐観こえー。 ""[0","[0,0]"
"すっげぇなぁ ""[0","[0,0]"
"命狙われないようにね～　#tokyomx #heroinetarumono #ヒロインたるもの ""[0","[0,0]"
"最近話題のトップガン、なんのことかは把握してないんだけど、毎回「トップギア」に見えてしまって「皆ブリティッシュジョークに飢えているのかい……？」になってる ""[0","[0,0]"
"均整の取れた…身体 ""[0","[0,0]"
"YouTube倍速がトレンドになってるの見て、ゆっくり解説が流行る前から解説動画を作ってるレジェンド達は冒頭に爆笑トークを入れがちでそれは味があって好きなんだけど、最近はそういうの邪魔でスキップされてるのかなーと… ""[0","[0,0]"
"くたばらないでね～　#tokyomx #shachisaretai #しゃちされたい ""[0","[0,0]"
"原神 パスワード打って認証のやつやったら｢最新バージョンを公式からインストールしてください｣だってさ####お？もしかして僕にテスターやらせてくれんのか？ ""[0","[0,0]"
"イエス『危機』の50周年来日公演が9月にあるらしいが、今や当時のメンバーはスティーヴ・ハウだけか…。今のイエスすっかり疎遠になってるのでよく知らないけど、現在のメンバーってどうなんでしょうね。 ""[0","[0,0]"
"__フィルターやってんだ~楽しそうだね！ ""[0","[0,0]"
"面白すぎることが起きたから聞いてほしい。売り場に名古屋主張してこないお菓子があったからテキトーに買って、袋見たらShibata‥##柴田！？！？####岐阜のお菓子メーカーらしい‥ ""[0","[0,0]"
"徳島の生活は良い経験だった。##「死なない限りは、すべて自分の糧になる」####自分の輪郭をハッキリさせることができた ""[0","[0,0]"
"承認ってハンコの画像作って置いとくといいかもしれない ""[0","[0,0]"
"bf2042 シーズン1始まるけど絶対に鯖落ちしない安心感がある ""[0","[0,0]"
"情報学楽しすぎだろ！！ ""[0","[0,0]"
"君と好きな人が100年続きますようにじゃん ""[0","[0,0]"
"そういや二つ名の一つが『泥沼』だった ""[0","[0,0]"
"S1000RRイキリエディションに遭遇したけど、ウィリー制御入ったバイクで加速ウィリーで発進イキってるの最高にカッコイイ ""[0","[0,0]"
"「嵐」などのライブビデオ制作会社代表、走行中に運転手殴りタクシーを奪ったか(ABEMA TIMES) ""[0","[0,0]"
"ていうか自称「感情のよくわからない」「情緒のない」ウォズが何もかもをぶち壊す破壊の力を「闇を切り裂く力だ」って受け入れてるってことはそんな情緒がないウォズも世界を闇だと思うような何かがあったんですか？どういうことですか？ ""[0","[0,0]"
"関電工労働組合多摩支部　執行委員長・副委員長から「謝罪文」と題したメールと、賠償金のお支払がありました。 ##「謝罪文」の内容や体裁があまりにも稚拙で、下書きかな？と思って校正を求めたところ、画像のような解答でしたので、一応これで結末とせざるを得ないようです。→ ""[0","[0,0]"
"よく見なくてもまつげバッシバシで更に顔が好きじゃん……となっている##私も若フィフにセンパイ呼ばれたい！！！！##頭悪すぎて廊下ですれ違う度に罵られる要素しかない！！！！##センパイ ""[0","[0,0]"
"いや、確かに最近よくベトナム語に翻訳してる。してるけどさ、普通に弁当持ちってなんの隠語だろと思って調べたらこれだよ。Google優秀すぎるぞ ""[0","[0,0]"
"ネガティブは身内ウケでポジティブは万人ウケでポジティブは身内ウケみたいな傾向がありそう ""[0","[0,0]"
"彼チョー有能だわ～　すき ""[0","[0,0]"
"ちょっとオモロなツイート見つけてオホホになってる ""[0","[0,0]"
"すごい要約力！！ ""[0","[0,0]"
"オシムはかつて「日本は私にとってとても住みやすい国だ。何故ならこれほど理想的な社会主義国家はないからだ」と賛辞を述べたそうですが、かつては上手く回ってたそのシステムも今はガタガタですね。__ ""[0","[0,0]"
"あるゴシップに「お金の為に復活する」と書かれたけど、客観的になって考えてみたらなるほど、外部からはそれしか理由が思い当たらないんだね。メンバーはみんなソロ活動が出来ているしお金に困ってる訳じゃないんだけど、それ以外、確かに周りの大人達には理由が見当たらない。 ""[0","[0,0]"
"お上のお達しをひたすら、ありがたく拝聴するという、日本の記者クラブの姿勢を考えると、全然おかしくないと思いますよ。##むしろメモを取らないのは「その必要はないな」という子供なりのプロテストかも。 ""[0","[0,0]"
"統計読み取れない癖にドヤってるこいつのほうがヤバくないですか？ ""[0","[0,0]"
"何しろ人が一人もいないんだからな ""[0","[0,0]"
"お魚が3匹も売れるなんてすごいどす！ ""[0","[0,0]"
"やっぱテスト期間中の深夜に飲むインスタントコーヒーは格別だな！！ ""[0","[0,0]"
"あなたはいつもお元気ですね　じゃないかこれ ""[0","[0,0]"
"#異形の館_CS###異形の館_関係募集####京都の方がいらしたら先に謝っておきます！許してください！####フューリーさんに色んな関係性を持って欲しいのでご協力よろしくお願い致します__ ""[0","[0,0]"
"#ブラックアダム##ヒーローは誰も殺さない ""[0","[0,0]"
"でも、ソコに様々な思惑や利益誘導のような“目的”が安易に介在してしまうから、話がどんどんおかしな方向へといってしまう。####日本の政治を例に出すまでもなくね####故に、市井で起こる「差別行為」に対する容認や黙認こそ、一人一人が今すぐにでもやめるなり、意見を言わなければならないと思う ""[0","[0,0]"
"オビワンは間違いなくクソドラマだけど、暗黒面の世界の中でなんとか子供だけは守ろうとするオビワンと、ディズニーのクソ脚本の中で面白さをなんとか保とうとするユアンのシンクロ率100%なところは評価出来る ""[0","[0,0]"
"日本って何だかんだ暴動起きたりしないの凄いよねー、奥ゆかしい国だ ""[0","[0,0]"
"コチョク4階がトレンド入りするんだ…いや本当に改めて日本のドームの1番最前列といっちばん上のいっちばん後ろの席が変わらず同じ値段っていうの本当凄いよね ""[0","[0,0]"
"艦これの千歳好き提督##↓##政治だったり育児だったり性差だったり、色んな分野のアホツイートを見つけてってる人 ""[0","[0,0]"
"冒頭 若干の下ネタがあります。##遊戯王ゴーラッシュ10話 #YouTube #コメント欄 より。####終盤「それなら認めます！！」で頬を緩ませ「動物達は大集合」で〆るの笑いましたw ""[0","[0,0]"
"#ドル円 ##へー東京時間終了と共に大きく下げてから6時間足らずで1円なんて動きしちゃうんだー##すごいなークソドル円、くっっっそすごいなー ""[0","[0,0]"
"__「すいません、教科書を間違えたので、取りに行ってもいいですか？」##俺「そうか…〇〇先生を選んだなキミは…、悔しいよ…どうぞ…」##__「でもまぁ、それ以外全員が先生を選んでいるってことですから」##俺「嬉しい…」 ""[0","[0,0]"
"VIP楽しすぎ！！ ""[0","[0,0]"
"ドル円ロングしました##どこまで育つか楽しみです ""[0","[0,0]"
"みなみは悪攻撃を全て無効にしてしまうから渡瀬が博識で褒めてくれるいい人に見えるんだね　そうじゃない人には渡瀬は悪意の塊でしかない ""[0","[0,0]"
"ゆっくりパズドラ解説、噂には聞いてたけど流石やな##他にも引っかかるとこあった ""[0","[0,0]"
"「知恵がある」と「知識がある」との間には大きな差がある。知恵がある人は、意識もある。だけど、知識はあるが、知恵があるとは限らない。その差なんだよ。あなたは、前者か後者どちらになりたい？ ""[0","[0,0]"
"神田川 #bakusho ""[0","[0,0]"
"箇条書きの鬼です ""[0","[0,0]"
"湾岸でもユーゴスラビアでも西側機相手にいいとこ無しだった機体が今回のウで改良型や派生機持ってるであろう生産元相手に善戦してるのがジョークの由来っしょ ""[0","[0,0]"
"幸せになろうなチーム##ま、もう既に幸せなんですけど！ ""[0","[0,0]"
"廃車回送 ""[0","[0,0]"
"何がおもろいってわし初めは真鳥が好きやったことやな。初めての担降り経験させてくれた真鳥ありがと ""[0","[0,0]"
"#腹白メガネロゴ ###メンテの日なのでssを貼る #### 「寒い所に行く準備、出来ましたか？」##　## 今週のメンテSSは、クヴァリス向けにちょっと防寒仕様・・・？##何せクヴァリスは1000年前と違って、フォトンでは寒さが防げないようですので_ ""[0","[0,0]"
"あのこみたいなヒトになりた～い～～～な兄弟yoroshiko ""[0","[0,0]"
"日本の偉いさんは、発言の訂正に「誤解を招く」と言う言葉を使うけど、意味をもう一度学んできたほうがいい。下らない言い訳に使うんじゃない。####同じ言い回しだと、我々聞いてる側が、自分の真意を理解できない馬鹿共だと言うこと？「誤解を招いた」かもだけど。 ""[0","[0,0]"
"そういうチクッとした表現がパッと飛び出る優秀さから離れておったな ""[0","[0,0]"
"ハマスタやっぱり狭いな～ ""[0","[0,0]"
"届いた。##ガムテから手作業のありがたみを感じる ""[0","[0,0]"
"大阪 ＩＲ誘致の是非問う住民投票実施目指す署名２０万人超に｜NHK 関西のニュース ""[0","[0,0]"
"自作モデリングを開いた時にテクスチャが崩れてもCinema4D上でなら直し方が直感でもすぐ分かるのに、Blenderで同じ症状が出てもメニューやUIがごっちゃごちゃでtainan???すぎて、ググりながらも3時間、もう詰んでる。よくこんな分っかりにくいUI作るなぁ…##今年最大のイラ地くん状態。 ""[0","[0,0]"
"ツイ主さんは私立小学校の1年生の話をしてるみたいだけど####これ公立の小学校だったら##「そんな奇っ怪な解き方せずに型にはまった順序で2ずつ増やせばええやん」##みたいな教育になりそうだな####こういう柔軟な発想ができる人はそのまま育ってほしい##途中で芽を摘まれないことを祈る ""[0","[0,0]"
"電気なしでもガンぐらい克服できるやろなぁ ""[0","[0,0]"
"これぞ教育 ""[0","[0,0]"
"「左折時、ふくらまないドライバーです。」####ってステッカーあれば自家用車の後ろに貼りたい。笑 ""[0","[0,0]"
"円安が日本人を貧乏にしたのではなく、成長しなかったこと、特に中国との競争に負けていたことが日本人を貧乏にしただよ。それぐらいは悟れ！ ""[0","[0,0]"
"けど、「音楽を楽しむ」って難しいよね。コンクール否定意見も多いけど、コンクールでてっぺんに行くことを心から楽しいと思う子もいる訳だし。全国大会のステージで奏でることを夢見てそういう学校に進学する子もいる訳だし。事実、普門館で演奏するのは、純粋に羨ましかった。 ""[0","[0,0]"
"TLに流れてきたイギリス人の面白いジョークに気を取られて乗り過ごすところだった ""[0","[0,0]"
"自分の中の礼儀にしか興味ない人の他人への不義理は目を見張る物がある ""[0","[0,0]"
"楽しい思い出をありがとう ""[0","[0,0]"
"エルデンリング全実績解除達成！！##3周目のボス戦おもしろさより徒労感が勝っちゃって萎え萎えだったのは良い思い出 ""[0","[0,0]"
"気持ち悪さから開放されたいフォロワー  気の毒 ""[0","[0,0]"
"現在充電していますが、順調に熱発しています。##今日は肌寒いから助かったわ～ ""[0","[0,0]"
"Thank You！ ""[0","[0,0]"
"シンの毒気にやられたわ ""[0","[0,0]"
"enjoy aが通っているゲーセンのとある風景。実は、この写真にはおかしな所があります。##どこでしょう？ ""[0","[0,0]"
"とで問う内容変えてるから、で答えるのは理由だけでいいのかと思わせつつ、がっつり産業の概要を模範解答に含む東進。流石すぎる ""[0","[0,0]"
"職業だとしても私達と同じ人間だし、喜怒哀楽の感情があるのは普通のことだし、それを一切出すななんて誰も言う権利はない。喜ばしいことを純粋に祝福できない心がさもしい人間なんだと思われないように、逆にあんまり余計なこと言わない方がいいぞ ""[0","[0,0]"
"ああ　極主夫道のアニメ動きが少なくて弱った脳みそにやさしい…… ""[0","[0,0]"
"前半で溜めたストレスを後半とEDで解消するの上手い作りだと思う ""[0","[0,0]"
"ルラ早巽、ルーラーだけどビースト適性あるから嫌 ""[0","[0,0]"
"今日は旅行銘柄に資金が行く日なんだろうな。##JR九州ウォッチャーだけど、日経が上昇した日は株価マイナスで、下降した日はプラスが多い。####私は3000円は行くと予想しているのでガチホ。##JRのおかげでgomiを持つ余裕がある ""[0","[0,0]"
"出産祝いのお返しがあるのは「赤ちゃんが見たいから」だと思っていた…##でも冷静に考えて出産後のしんどい体で産まれたての赤ちゃん連れて歩かせるのは母子ともに可哀想だし、諦めて欲しい…家族以外の赤ちゃんは見せて貰えないものだと諦めよう… ""[0","[0,0]"
"おはようございます##やはり日曜日に勝つと気分いいですね ""[0","[0,0]"
"維新議員「顔のこと言うと叩かれる」女性の容姿巡る発言で過去に注意も #ldnews ""[0","[0,0]"
"例えば仕事仲間でご飯行って、あ、コレ写真撮りたい__インスタ載せたい__ってなる事とかもある。それはいい。でもせいぜい2、3枚。##今日、万単位のフォロワーがいる人とご飯行ったけど、撮り方の工夫とかすごくて。プロってんなーと思ったけど。いや、もう、食べようよ？って思ったなぁ。 ""[0","[0,0]"
"しかし現在の日本代表はウクライナやウェールズと変わらないか上回りかねない選手層を誇るのに、##ウェールズほど粘り強く格上に対峙するゲームも出来ないし、ウクライナみたく日本人が好きなショートパスを繋ぐアイデア溢れる展開でチャンスを作るサッカーも出来ないのはなんでなんだろね ""[0","[0,0]"
"にんげんっていいな ""[0","[0,0]"
"すごい歓声###乃木坂工事中 ""[0","[0,0]"
"楽しい作戦 ""[0","[0,0]"
"ネトフリの「ラブ、デス&amp;ロボット」##新シーズンもめちゃおもろかった####1話10分くらいでテーマもストーリーも##メッセージ性もしっかりしてる##グロ耐性ある人はオススメやで～ ""[0","[0,0]"
"夏合宿直前に休むと大体寝不足になるマックイーン、賢い ""[0","[0,0]"
"この犬王って賛否両論ありそうだなって個人的には思った##私が見る前の予想と違ったから変にそう感じているだけかもしれないけど、主人公二人の平家物語の語りかたとか本編の風習と同じで、型破りとお手本通り・革命と伝統の衝突っていうどの世界にもある対立と似た感情を視聴者は持つかも ""[0","[0,0]"
"順調に悪化してます##実習室の匂いどころか強い匂いがダメになってきてーら__ ""[0","[0,0]"
"私の甘い彼女は軍事キャンプです。 ""[0","[0,0]"
"事実に反対して，疑問形で意見をつけるのがとても好き &gt; NYT ""[0","[0,0]"
"ひよコンテスト楽しかった！##みんなと仲良くなる為のデッキを握ったら、作戦通りベストマナー賞頂けたので大満足です__ ""[0","[0,0]"
"アメリカ「Korea has well developed institutions and markets and should limit currency intervention to only exceptional circumstances of disorderly market conditions.」、為替介入は市場の混乱という例外的な状況にのみ限定すべきである。） ""[0","[0,0]"
"楽しいものになりました #サザエさん ""[0","[0,0]"
"ナイス今村 ""[0","[0,0]"
"サウンドオンリー###ルスタリオンエア ""[0","[0,0]"
"さすが清宮 ""[0","[0,0]"
"流石、田辺 ""[0","[0,0]"
"今日の間食##サイダーときゅうりの漬物と##さくさくぱんだ####相性抜群だわ~~~ ""[0","[0,0]"
"あー連敗かあ## #sbhawks ""[0","[0,0]"
"プライベートで知り合えば無料だし会話できるしマスクなしパーテーションなしで写真撮れるってことでしょ？ ""[0","[0,0]"
"トップガン見てきた。新要素足していい感じに焼き直してて楽しめた。トム・クルーズにはこれ以降はKAWASAKIにノーヘルで爆走するくらいのアクションで過ごしていただきたい、還暦ボディだし。最後の「トニー・スコットに捧ぐ」で泣いた。音楽の再編、悪くない、悪くないです！ ""[0","[0,0]"
"こういう告知ポスターでもきちんとネタに走るあたり、流石という他ない。 ""[0","[0,0]"
"すごいよね～ ""[0","[0,0]"
"双子がポニョ好きすぎて気がつくとテレビにポニョついてて毎日観すぎてもう飽きたが遂にお泊りデイサービスのおばあちゃんズのトキさんにちょっと愛着がわいてきた。 ""[0","[0,0]"
"今年死亡数が急増しているらしく、、コロナが１万弱で、増加分が約３万８千####緊急事態宣言が必要だと思うけど ""[0","[0,0]"
"この親にして子のあり__ ""[0","[0,0]"
"もしかして、村上訳では↑みたいな超絶展開になってんですかね##しかし作中に出てくるのは、明らかにハヤカワ版清水訳なので違いますね（怒 ""[0","[0,0]"
"地方のコロナびびってる方全員読みな ""[0","[0,0]"
"あー、これ、若いとき、すごい歌があるんだよって教えてくれたのリベラル系で市民運動にいそしんでた善良な女性だったなあ。何がいいのか全くわからなかった。こういう人はシールズにもトランスジェンダリズムにもすぐ絆される。 ""[0","[0,0]"
"スザク:「便利な力だな…ギアスとは」##「自らは陰に隠れ、責任は全て他者に擦り付ける」 ""[0","[0,0]"
"#TheBoys #ザ・ボーイズ S3 第1-3話##想像を絶するゴア描写と展開の連続だった。##相変わらずスーパーパワーを持つヒーローの描き方が斬新すぎる！##明らかになるヴォートやニューマンの過去。##ホームランダー以上の脅威がいる予感。##ソルジャーボーイとんでもないクズキャラになりそうだなー。 ""[0","[0,0]"
"ポリコレヘアーなどと言われていますが実際快適です ""[0","[0,0]"
"オンラインで済む仕事っていいね！####断然、楽なんだろうね。##あははははーは ""[0","[0,0]"
"基本グランツの供給はないものだと思ってるから全然慣れてなくて何を出されても発狂する　最高………… ""[0","[0,0]"
"山本由伸ノーヒットノーラン達成おめでとう！！！ ""[0","[0,0]"
"彼女はプロフェッショナルやと思う##キャラ作り含め ""[0","[0,0]"
"きる 同一人物コイツまじなんなん？害悪。薬売って、生活保護で暮らしてるよw他から安く買って、病院周って高額転売横流しのプロ通報しといて良かった～違反してて消されてて草#### #お薬もぐもぐ## #詐欺 ""[0","[0,0]"
"国民は忘れる生き物って、確かに「我が闘争」に書いてあったはずだけど、その忘れないで覚えてる国民達が言葉を持ちこうやって発信する時代になってる事に気付いて。考えなくなってしまったのは政治家の方なのでは？？ ""[0","[0,0]"
"モンドラゴンM1908##スイス製の半自動小銃##設計したのに生産できない上、生産した後に銃をキャンセルしたメキシコは†悔い改めて† ""[0","[0,0]"
"働き始めて分かったけど自分より歳食ってても馬鹿なヤツは居るんだなぁということです ""[0","[0,0]"
"おはよう！！！ ""[0","[0,0]"
"わりとマジでそういう所があると思う。##おかげで特撮以外の趣味も見つけようと思えました ""[0","[0,0]"
"そういえばさ、自社用のWikiを作ればどう？ ""[0","[0,0]"
"人気タイトルなので、この製品はあなたのディスカバリーキューに表示されています。 ""[0","[0,0]"
"なるほどね##毎年個人情報漏洩がニュースになるから、利用規約にそもそも「個人情報も公開するよ__」って書いておけば漏洩の『事件』にはならないって寸法か。####天才か？ ""[0","[0,0]"
"幅寄せすぎれる人すごいなぁってなりがち ""[0","[0,0]"
"すごいバトル ""[0","[0,0]"
"なごころ保育園のHPに「顧問保育士」の記述がなかったから、もうてぃ先生とは契約終了してるのかな。##男性はキャリアアップで顧問保育士を狙って処遇改善！とてぃ先生言ってたから、今が狙い目では？ ""[0","[0,0]"
"政治家とは運の良さも重要 ""[0","[0,0]"
"俺の推しカプは出会いが書かれてないのに同好会と__てぶはガッツリやってるのウケるな ""[0","[0,0]"
"それはそれで良い事なのかもしれません。確実に1984年から遠ざかってるので ""[0","[0,0]"
"兄が一人で生きていくしかないと思ってしまうほど孤独を抱えていたのは、母との死別が根底にあるかな…と思い　そしてそれは要ちゃんと同じ傷だね ""[0","[0,0]"
"Peter &amp; Gordon最後のオリジナル・アルバム『HOT COLD &amp; CUSTARD』。そこかしこに細かい意匠を凝らした英国産ポップ・サイケの隠れた名盤に仕上がっている。きっちり時流を踏まえた内容だけど、直後にAsherさんは有能なプロデューサーに転身したわけだからそりゃ当然か。 ""[0","[0,0]"
"#石原伸晃 さんて素晴らしいですね ""[0","[0,0]"
"しかし、現実は甘くない。それは友だちの「大教授」が、私の神経を逆撫でしない言い方で諭してくれました。「啓蒙は必要だ」と。そう、私は無価値だったり有害だったりする有象無象の偽教祖たちも撲滅させねばならない立場にあるのです。 ""[0","[0,0]"
"BO勢って並々ならぬ風格を感じる ""[0","[0,0]"
"よし、インチキと卑怯者とチンパンジーしかいないゲームに戻ろう__####クレーバー ""[0","[0,0]"
"此の騒動について公式な調査を行うと宣言したにも関わらず、当局は都合よくスタジアム周辺の監視カメラの映像を保存するよう依頼するのを忘れてしまい、現在では全て削除されてしまっている####しまった！ ""[0","[0,0]"
"倉橋ゲットしたかったけど、まあ海防艦やし優しい運営さんなら通常海域での期間限定ドロもそのうちやってくれるやろ ""[0","[0,0]"
"豊かな想像力羨ましいわ ""[0","[0,0]"
"Quizknock STADIUM、クイズ好き界隈ではダッコちゃんレベルの大流行なんだろうけど、一歩引いて見れば…昼は人とマッチングしないわ、数クレに数回同じ問題が出るわ、廃人とマッチングしようものならクイズさせてもらえないわ、AnAnの域に全く達してないからね。 ""[0","[0,0]"
"デフレ脱却できて良かったんじゃないの？物価高に文句言う人の気がしれん ""[0","[0,0]"
"山梨県議が議会で性的マイノリティーの人を否定するような発言 | NHK ""[0","[0,0]"
"と思ったらこれE1の作戦名か。3週間も前のことだから忘れてたわ ""[0","[0,0]"
"信じたくないものは徹底的にデータを集めて否定し、信じたいものしか信じないマインドすごい ""[0","[0,0]"
"クソ淫行議員切腹しろよ##日本が大分良くなるぞ ""[0","[0,0]"
"幸い、Twitterさえ遮断しておけば、余程のことがない限りネタバレの危険が無いのもラグビーの良い点であったりはする。 ""[0","[0,0]"
"本当に恋愛にすぐ持ち込む雰囲気をつくられるのが苦手で、20代前半は職場で恋愛関係のレールを引こうとする作業をされるのが嫌だったし、年齢を重ねて結婚ステータスを手にしてようやく人として接してくれる感じがあってラクなんだよな ""[0","[0,0]"
"わぁ、マロ主さん素敵なお考えをお持ちで##私の意見もついでにツリーに載っけとくわ ""[0","[0,0]"
"お前ホントにいい奴ね#####金曜ロードショー###トイ・ストーリー3 ""[0","[0,0]"
"原発事故で国の責任認めず 最高裁 避難者の集団訴訟で初の判断 | NHK ""[0","[0,0]"
"正論だと思う ""[0","[0,0]"
"国語めっちゃ得意教科なのに先生がいい問題だしてくるからわかんなかったんだょ ""[0","[0,0]"
"弊社東京本社の同僚ほぼ西日本に転勤したくないーーーっていうやつばっかやな__みんな都会大好きやもんなしゃあないよな ""[0","[0,0]"
"かのかりのドラマのメインビジュアル見たけど、和也が一番目きゅるっきゅるで可愛いの草 ""[0","[0,0]"
"今日も朝から元気だ福島第一原子力発電所。##空気中に与える熱量はいくらになるのだろう？##空気中の放射能濃度上がればそれだけ空気の分子にエネルギーを与えてSDGｓに貢献原子力エネルギー。海水濃度の放射能濃度上がっても同じ事。チリも積もれば熱くなる。は・ひ・ふ・へ・ほ～～。 ""[0","[0,0]"
"傷付けるのは怖いじゃん、とか##あなた死にそうだしねって言うくせに####ご飯食べれなくなった人間にぷにぷにですねwww的なことを毎日言える神経が羨ましいのです ""[0","[0,0]"
"暴動起こさない日本人を誇らしく思う ""[0","[0,0]"
"魔獣遣い、実力は有るんだろうが倫理観0か…##何体居ようと一撃で魔獣倒す相手に不利だと思わない所が凄いな##おぉシールドバッシュ良いね！##チヨメと忍者チーム流石##穴の底に居たのはヒュドラか～ ""[0","[0,0]"
"出来ないことやらないことを書かなくてえらい ""[0","[0,0]"
"今日から外へ持ち出せるヘッドスペースで色んな人が情緒破壊されると思うとさいこ～ですね ""[0","[0,0]"
"Granholmは以前、Proterraという電気自動車会社の役員を務めていた事もある##エネルギー省の広報によれば、彼女は 5月に同社の stock optionを行使し、約 160万ドルを手にしたという####単なる偶然だ ""[0","[0,0]"
"天国先生の黒歴史コーナーは今後も続くのかなぁ。あまりやりすぎると先生がホントにただの無神経な人になっちゃうので5回に1回くらい素敵な武勇伝を披露して、よせやい照れるぜってなって欲しい。まぁ、今回は先生の新たな武勇伝が生まれたわけですが。サブちゃんマジですまん。 ""[0","[0,0]"
"１番の問題は、当人が全く自分は悪くないと思ってる謎の自信。##その自信、私に分けてほしい ""[0","[0,0]"
"なんかもう久しぶりに相棒から反応してもらえて推しにいいねされた人みたいになっちゃった ""[0","[0,0]"
"金や時間がかかるから減税へのシステム変更はやらないと言うことに対して、増税時はその労力を一切勘案しないから面白いよね ""[0","[0,0]"
"つまり、みんなお手上げか、不信か、ノータッチなわけですよ。その状況でコバンザメさせられてる私が哀れだと思ったのか、別チームの社員に「滅さんて、やっぱおもしろいよね！いや～わからん！」とか絡まれてて。と目以外は笑えなかった。 ""[0","[0,0]"
"民主主義って、政治のことなんも知らない人でも、極端な政治思想持ってようと、誰でも一定の年齢になれば参加できるんだから寛大かつ自由だよね ""[0","[0,0]"
"お待たせ致しました ""[0","[0,0]"
"パーフェクトヒューマン ""[0","[0,0]"
"ついにようやく本当にめっちゃ時間かかって酷く長かった大魔王を倒しましたか！！#### #大地のミートピアRE7 ""[0","[0,0]"
"超リアル路線 ""[0","[0,0]"
"僕の声が聞こえないほど熱中しているみたいだ……。##そうだ、がんばり屋の君に紅茶を淹れてあげよう♪####みたいな被害妄想をたまにしてしまう ""[0","[0,0]"
"Todd Rundgren &amp; Utopia『Disco Jets』当時流行りのディスコ音楽を取り入れて制作したアルバム。会社判断で即ボツとなり2012年まで正式リリースなし。でもいま聴くとタイトな演奏がかっこいいです。『スタートレック』のカバーもあり。 ""[0","[0,0]"
"__「俺はうさ耳付けるだけで十分でしょ？」##__「あなたは何もつけなくても十分でしょう」##リー指ﾁｬ…… ""[1","[1,0]"
"バイナリーオプションを投資だから難しそうという人。上か下か2択で答えるのが難しいという人なら難しいだろうね。 ""[1","[1,0]"
"元総理、元首相ってのの発言は国益に沿ったものであることが望ましい。##日本はオツムがあさっての人でもトップになれ、反日発言しても簡単に射殺されない、って意味で自由な、いい国なのかも ""[1","[1,0]"
"原発は短期稼働は致し方ないと思うんだけど、放射性廃棄物を埋める目処は付いたんだろうか？##それから、廃炉って1年2年じゃ出来ないんだよね。2～30年は掛かる。コストも膨大。##まぁ～、自分達が逃げ切ればOKって考えれば、原発は最高なのかもしれないですね ""[1","[1,0]"
"まやこっこ先生の配信遅れて見たけど、凄いチンチロリンを考える人おるんやねえ……わしにもああいう発想できる脳みそ欲しい ""[1","[1,0]"
"わかんないって便利だね ""[1","[1,0]"
"Twitter使ってて良かったことは山ほどあるけどインスタ使ってて良かったことは他人のキラキラ生活が見れることくらいですね... ""[1","[1,0]"
"山田くんのブログをうけて無断転載のアイコンでお気持ち表明してる人面白いね ""[1","[1,0]"
"__:ばぶちゃん何飲んでるの##___:グレープフルーツソジュとプラムソジュ｡13度##__:いいじゃん##__:たくさん飲めるんだから最高だろ##___:前回ソジュ飲んだ時は4時間意識飛んだ##__:ソジュは前哨戦みたいなもんでしょ##__:ソジュは確かにめっちゃ弱いなw##___:ありがとうそう言ってくれて｡マジ感謝 ""[1","[1,0]"
"パワハラに耐えて飲むワインは格別だなあ！！ ""[1","[1,0]"
"働き過ぎたらダメ、連続運転し過ぎたらダメ、早く着き過ぎたらダメ、遅れたらダメ、運賃上げたらダメ、運賃上げなきゃダメ。##ちょっと考えただけでもダメダメが多すぎるやろ、運送業界。##がんじがらめウェーイ。##帰るぜウェーイ。 ""[1","[1,0]"
"梅林、谷川、望月は期待通りの活躍##上記三名と杉谷は鎌ヶ谷へGO！！ ""[1","[1,0]"
"ああ～いいっすね～##あーさっぱりした##あーもう1回言ってくれ##あーもうめちゃくちゃだよ##頭に来ますよ～ ""[1","[1,0]"
"お前は鬼の顔して俺に詰め奇る##何だよ その顔 キスしちゃうぜ  /3rd Indies Single) ""[1","[1,0]"
"熊谷は島田の打点を消して、青柳の完封の邪魔をしました ""[1","[1,0]"
"教育の費用を手厚くすると出生率が上がるとか、所得を増やすと出生率が増えるということを声高に言う人がいるが、なんの根拠があるのだろうか。昔から「貧乏子だくさん」と言われているから、なんならむしろ逆かもしれない。教育レベルの高さもマイナス要因かも ""[1","[1,0]"
"甲斐と言いカープはホントにホークスのキャッチャー育てるの上手いよな###渡邉陸 ""[1","[1,0]"
"【ロッテ】堀内恒夫氏　佐々木朗希がすごさ見せつけるも「０－０の９０球で交代とは、信じられないね」 : スポーツ報知##お元気そうで何より ""[1","[1,0]"
"ヤク1000、近所の西友行ったらマジで完売してて草##日本人の良さがよく出ている ""[1","[1,0]"
"岡本とか長岡と三ツ俣以下だろww###giants ""[1","[1,0]"
"話は戻って、一見それっぽいことを律儀にやっている人を真面目とするなら####真面目な人が馬鹿を見る####は、当たり前のことなのにも関わらず、あたかも世の中が間違っているかのような表現をしている1文ですき ""[1","[1,0]"
"なんであんなpudgeが人気なんすかね～ ""[1","[1,0]"
"原発の運営には安くて軽い命が沢山必要ね。 ""[1","[1,0]"
"休日をとても有意義に過ごしている ""[1","[1,0]"
"岡本は清宮以下だわ###giants ""[1","[1,0]"
"ジャのオタクって本当にIQの低い人が多いから、残念だけど無駄だと思っちゃう 事む所側がマナ一いはん等含めどういう措置をするかを明確にした方が賢明じゃないのかな ""[1","[1,0]"
"岸田トークンってなんだ##スケープゴートで使えってことか？###遊戯王OCG ""[1","[1,0]"
"ク☆wikiに書かれるほどの著名人は羨ましいZOY ""[1","[1,0]"
"「最高だな、人は」 ""[1","[1,0]"
"兎「It takes two to make a quarrel.　『喧嘩は一人では出来ない』ということわざです。言い争いをする前に辞めておけば喧嘩は起きないという事です ""[1","[1,0]"
"ﾀﾞﾙﾏｻﾝ、ちょくちょくありがたいお話をするので良い ""[1","[1,0]"
"うたプリピューロ、全完売。##毎回思うんだけど、公式は「グッズ昼頃完売」を目指してるの？##だとしたら優秀だわな####遠征して買えないとかホントに悲しい思い出にしかならんのだから、初日くらいもうすこしご用意してあげて。 ""[1","[1,0]"
"良い商売だね__ ""[1","[1,0]"
"やっぱり巧いですねぇ！ ""[1","[1,0]"
"トップガン・マーヴェリック朝イチで観賞。吹替が9時前だったからそっちにしたけど、ああ言う作品はスクリーンで見るべき！そして、翻訳があの人じゃなく、ちゃんと用語監修入ってるから安心して見られた ""[1","[1,0]"
"そもそも白米が誰でも食えるようになったのは戦後しばらく経ってからだったということも知らないようなので、フィクションとしてのナショナリズムの表象として見ると秀逸なのかもしれない。 ""[1","[1,0]"
"10月11月が特段残業が少ないわけではないでしょう。##しかし、夏休みを入れて、一学期と年度末を外すのは明らかに恣意的。##１年単位の変形労働時間制を語った口なら１年単位で調査すべきです。##文科省は、調査がお好きなのでしょう？###教師のバトン ""[1","[1,0]"
"マキシマムをアニオリキャラ扱いするネタツイに原作でもいますよとボケ潰しをするツイを見た。そのままのまっすぐさをもち続けてほしい ""[1","[1,0]"
"ソ連の対空砲ポン付け君興味あった子だから実装されたの嬉しいな。####時事ネタ弄りしたい人達にとっても嬉しいやろ ""[1","[1,0]"
"仲間っていいものですね ""[1","[1,0]"
"【マンマミーア】イタリア語で「なんてこった！」の意。2013年イタリアGP予選でマッサがアロンソをスリップストリームで引っ張る役目を失敗すると、アロンソはチームとマッサを批判してこの言葉を使用した。「天才だ」や「マッサをチームから追い出せ」と言ったとも報道された。 ""[1","[1,0]"
"よし！みんな！気に食わない事があったら、国に賠償してもらおうぜ！####AV出演被害も、国の制度のせいだ！ ""[1","[1,0]"
"「誹謗中傷責任がプラットフォーム責任になるなら、腕のしびれ悪化責任は、国になるのでは？」##かね？ ""[1","[1,0]"
"邪ンヌ##「にしてもデカイわねアンタ。何食ったらそんなにデカくなるの？」##ゴルゴン##「姉妹だ。」##邪ンヌ##「ヒェ…::」 ""[1","[1,0]"
"マジでしんどい##でも #ポエトリー・ナイトフライト あるけんがんばってくわ##なお、ハッシュタグで「ポエトリー・ブックジャム」っていう、どう考えても「American Book Jam」と混同したやつが出てきて、逆に「そこそんな間違え方する！？」ってちょっと元気になりました ""[1","[1,0]"
"[昇降口]##なぜか二階にある。謎。バリアフリーのことなどみじんも考えられていない。##少し前までかぐわしい香りが漂っていたが、各方面からの強い要望によって芳香剤が導入され、ちょっとましになった。##みんな長期休みぐらいは上履きを洗おうね！！ ""[1","[1,0]"
"7.62mmアフタマトプリヨーツコバ##あーさっぱりしたS.A.プリュツコホなるゲイによる試作品。装弾数30発でもロック機構があるのでしゃぶっても打たれなそうブルパップ作る奴多分変態だと思うんですけど ""[1","[1,0]"
"#モンハンライズ #MHRise #モンハン #NintendoSwitch##最高のオトモだぜ！ ""[1","[1,0]"
"放置botのおかげで先行展開の練習できます #マスターデュエル ""[1","[1,0]"
"そう言えばこの間コンビニでフラッペの作り方わかんなくてめっちゃバカにされた__フラッペなんてスタバ以外で飲まないもん～ ""[1","[1,0]"
"同じ大田区民として謎に誇らしいです ""[1","[1,0]"
"ネクサス界隈荒れてんなー。####放送当時にその熱量あったら3クール打ち切りも無かったろうに ""[1","[1,0]"
"#処刑少女の生きる道##「素敵なレディねぇ」 ""[1","[1,0]"
"スティーブずっと子守でイライラしてるの最高におもろい。お母さんが一番わかりやすいけどみんな程よくイライラしてるから会話がおもろい。 #StrangerThings4 ""[1","[1,0]"
"個性的なファッションをこなす白銀会長。###かぐや様 #bs11 ""[1","[1,0]"
"坂井泉水さん##そちらの景色はどうですか？####きっと鼻歌まじりに歌ってるんだろうなぁ_####私はね、YouTubeのポンコツAIから即ブロの刑に処されているよ__###命日###5月27日 ""[1","[1,0]"
"個人的には日本全体の広報活動のセンスが息をしていないと思ってるから、ガンダムの広報が～云々も特別ではないし何なら今更でもある。####…カボチャ頭が流行って本当に良かったね。 ""[1","[1,0]"
"来月からフルタイムに戻すぞー！##家事も育児も仕事も全部やりたい欲張りなので倒れないようにだけ気をつける__##できる仕事増えるから楽しみ～_* ""[1","[1,0]"
"あと判定でストレスが溜まるのも数回でやめる理由になるので良い ""[1","[1,0]"
"どっちにしろ後者が陰湿なのはそう……　なんか友達多そうだね… ""[1","[1,0]"
"YouTubeでデスクトップアーミーの広告が流れてきてビックリ。こういうのなら見るのに！って広告ね、でも模型のCMってあんまり見たことないですね。ガンプラですらテレビ放映のガンダムのときぐらいですし。30MSのCMとかも作って…って、あれは売る物が無いかｗｗ ""[1","[1,0]"
"足を引っ張るつもりはないが、積極的に「辛い方」を選ぶとき、それは本当に「辛い方」なのか。この方にとっては辛い方なのかもしれない。だが、「本当に辛い」方を選ばざるを得ない人がたくさんいる。頑張ってください！応援しています！ ""[1","[1,0]"
"東京スゲェ！誰に入れたらいいか迷うわ～ ""[1","[1,0]"
"インボイスみたいな、どうやってそんな事思いつくん天才か__##_みたいなのはできるくせにな##徴収は大得意なんすよね ""[1","[1,0]"
"今まで取ってきた先生方がすごくやる気十分な方々だったので、本当にショック。高い学費払ってるのになぁ～。と思いつつ…リラックスすることにしました__新しい考え方を学べたと前向きに考えます__ ""[1","[1,0]"
"これは大変興味深い意見です。##炎上を恐れず発信されるすももさんの姿勢には頭が下がります。 ""[1","[1,0]"
"泣きながら人参くった##こんなに健康のために##食べるものもジムも頑張ってるのにあまりも残酷っというか##3回目の熱は流石に自分でもびっくりしたし頻尿なるし##心配と安心とあー、最近無理してたんかな？って考えてたら泣いた！##スッキリしたかも！！明日も体温たのしみ！！ ""[1","[1,0]"
"東方アルカディアレコードの生放送、音がちょいと…##WRCのシェイクダウンと良い勝負 ""[1","[1,0]"
"まさかそんなゲームないよねぇ～？？##DPSチェックカツカツにしてタンクもヒラも死ぬほど殴らないといけないMMOなんてこの世に存在しないよねぇ～？？ ""[1","[1,0]"
"タンクとヒーラーにDPSを求めるとかどんなゲームなんでしょう一度でいいからプレイして見たいものです ""[1","[1,0]"
"放置bot潔いくらいプログラムで自動生成した名前って感じなのである意味わかりやすくて助かるよ ""[1","[1,0]"
"飯が終わった後は信州林檎って決まっているんだ。俺が大嫌いな味でね。ダイエッターの栄光の時代の味だから食べてやっているだけなんだよ。##「俺は50㎏まで痩せたんだァ～」って味だよね。##１週間で元に戻ったくせに！ ""[1","[1,0]"
"「役に立ちたい」強迫観念を持ってる少女####腹黒モテモテマンor伴侶を見失った男##仲良し家族→娘が事故死→催眠を仕掛けられる　の内どれか####時系列で質の良い地獄が摂れるよ！！！##女性二人はこれ以上脱げないと思ry ""[1","[1,0]"
"これはなにがいいのかな ""[1","[1,0]"
"アサーティブな会話テクニック「針のとんだレコード」_####サンディ「そうよね。わたし、生まれてからただの一度もお母さんに口ごたえしたことなかったわよね」【批判の中の事実に同意する】 ""[1","[1,0]"
"大学の勉強は高校までのお行儀のいい勉強とは全然違うのでだーーーいすこ ""[1","[1,0]"
"まぁ、脳ミソも筋肉でできているような人達の集まりですから。休日にお疲れ様です。 ""[1","[1,0]"
"みんなからの匿名質問を募集中！####こんな質問に答えてるよ##● +=400…##● 剛体って何ですか？##● θ=45°で初速度V0の時の鉛…##● ちゃいるどですね！ ""[1","[1,0]"
"あんちのとこ炎入ってるの炎上意味してていいですわね ""[1","[1,0]"
"ジムのスタッフの可愛いおじちゃんですら気づいたのにねー ""[1","[1,0]"
"住宅需要を減らして経済悪化か、脱東京させたいのかわからんけど、さすが小池やで####石原良純　東京都の太陽光パネル設置義務化の動きに「まったく意味がない」「あくまでもアドバルーン」 ""[1","[1,0]"
"Mじゃなくて、Wとかにするのかな？笑####盗人さすがだわ ""[1","[1,0]"
"今年のダボス会議は特にぶっとんでんな。こりゃ未来が明るいな ""[1","[1,0]"
"300万ももらえるのか。。。。大阪市民はふとっぱらですねーーー ""[1","[1,0]"
"#国会中継####自分でやって自分で対策か__####派遣増やしてくれた自民と維新に感謝かね ""[1","[1,0]"
"この一方で、「月給は100万円だけ」とか言ってる人がいるし。##世の中は様々だな ""[1","[1,0]"
"雨の日の病院は空いてていいゾ##いつもはばっちゃま達で溢れかえってる病院でも雨が降れば誰も来てないゾ##元気なばっちゃま達に病気を移すといけないから体調悪い人は外で立って待つんだゾ ""[1","[1,0]"
"ウーバーイーツ含む配達業も路駐禁止の原則の上で配達を強いられ、切符切られれば配達員の責任。####そんなグレーゾーンで成り立ってる業種多すぎ、いっそ違法にしてみたら？ ""[1","[1,0]"
"摂食障害とかにはならなかったのは運が良かったというか昔から図太かったというか♡##おやつは週一などまれに食べられるもの、炭酸ジュースは誕生日の時だけ飲めるものと認識してたのになんであんなに太ったのかっつったら母の作る男ウケ抜群の飯以外に要因なくてよりわろた♡ ""[1","[1,0]"
"電車で目的の駅ついたけどソシャゲのキリが悪くて、席から立ってゲームの後処理してたら知らんオッサンに##「アンタ、眠いんスカ？」##言われてコレになった。##座席すぐ離れんかった俺が悪いんだけどね。 ""[1","[1,0]"
"なんかアイドルの写真集の告知が紛らわしいって清く正しい一部のTwitterユーザー様がボヤいてるらしいけど、変な正義感もどきで当人を叩いてる君らも同じことしてるって自覚しよな ""[1","[1,0]"
"現状でも慰謝料踏み倒し野郎で溢れてるのに、共同親権にするだけでそいつらが金出すと思ってる元ツイの人？幸せそうで何よりだねぇ ""[1","[1,0]"
"発達障がいは人より疲れやすいというけど、まぁTL見てればなんで疲れやすいか。癇癪起こしやすいか分かるよな、w ""[1","[1,0]"
"大学教授ってどっかアタマの常識のネジが外れてないとなれないんだろうなぁ__ ""[1","[1,0]"
"お巡りさん、この暑い季節に、毎日マスク姿で職質お疲れ様です。 ""[1","[1,0]"
"憲法改正にしろ△▽新法意見交換にしろ、当事者の意見が無視されてる問題について。####本当、この国って当事者なくても物事進むって凄いよね ""[1","[1,0]"
"終戦直前まで連戦連勝だったんだから連合艦隊総出でサイパンに突撃すればよかったのに ""[1","[1,0]"
"仕方ない時代だから人間なんてそんなもん、事件は一定数起きると何百年も昔から学説や法則で証明されてると割り切るのがどれだけ理想でお利口でしょうか ""[1","[1,0]"
"Lightning壊れたんだが##まじでAppleとかいう神企業はなにを考えてるんだか##はよタイプCにしろよ！タイプBでもいいけどw ""[1","[1,0]"
"私のようなカワイイオタクは推しに手を振ってもらえただけでHappyなんよ、コスパ良いやろ、羨ましかったら生まれ直せ、 ""[1","[1,0]"
"人に優しく自分に厳しくを見事に実行している国JAP ""[1","[1,0]"
"剣の王女のルアちゃん、ある天の空花ちゃんの性格に結構似てるな。##大人しげで儚げな良い子……ではなく、大人しげで儚げだけど別に良くはない女の子。 ""[1","[1,0]"
"ツイッターからすればモンハンは卑猥らしい##さすがツイッターのAI ""[1","[1,0]"
"アイク__##ダークサムス__##ダークサムス__##ファルコン○##クロム○##ベレト○##ラグガノン__##ラグデデデ__##マリオ○##ラグルカリオ__##ロイ○####ギリギリVIP落ちしなくて済んだけどラグマスター達マジで戦い方をわかってて強いな ""[1","[1,0]"
"ナムさん、不安がってるアミへの対応素早いのさすがだなぁ、、どっかの事務所とは大違いだね ""[1","[1,0]"
"依田4回くらいサボってて鬱##新たな境地が見えたでしょう ""[1","[1,0]"
"とても素晴らしい趣味を持ちの様で##けどそんな君の趣味が好き ""[1","[1,0]"
"鬱々となにかに酔いしれ狂気的な気分になりたいならjagwarのHappy Faceという曲を推します。####笑顔でいればなにもかも上手くいく####JOKERという映画で使われてるのですが、この映画も鬱々とします。##ジョーカーの役者になる時は必ず##『ジョーカーに呑まれるな』と言われてるらしいです。ﾆﾔﾘ ""[1","[1,0]"
"__ヒーローインタビュー######…巨メンズ2名はギタータイムへ ""[1","[1,0]"
"徹底抗戦論者はウクライナ南部東部のロシア語母語の人達をどう扱うのかな。ゼレンスキー氏がいつの間にかネオコンになっていた####「ウクライナを巡っては、ＥＵ内で停戦と和平交渉を求めるイタリアおよびハンガリーとロシアへの強硬姿勢の他加盟国との間で溝がある ""[1","[1,0]"
"とりあえず、敷居をね、せっかく下げていただいたんでね、カクヨムコン8頑張りまぁ～す ""[1","[1,0]"
"アルカンタラありがとう##今のも神宮関係ない飛距離のホームランです ""[1","[1,0]"
"政治家とか、高級官僚に。やたら庶民の仕事のをさせようって。共産趣味ですき ""[1","[1,0]"
"報連相がよく教育された親御さんですね！ ""[1","[1,0]"
"ステータスはとても良い感じだったのに良馬場の鬼も遊びはおしまいも取れなかった。ホントこのゲーム良くできてんな ""[1","[1,0]"
"はぁ…僕のことはなんも考えてくれないんですね親さん。 まぁええよ…。人をイラつかせるの得意だよね笑笑 ""[1","[1,0]"
"大勢使えない日だからって悩む必要のない試合になりそうね。###ジャイアンツ ""[1","[1,0]"
"今日は気温はそれほどでもないが、湿度高い。けども完全ノーマスクは2人だけかな。あとは、手にマスク持ってる人が3人くらいかな。いずれも男性。##美意識高い女性はそりゃ顔を晒すなんてしないよー ""[1","[1,0]"
"今日は9回のクローザーに悩む必要なさそうだな。###ジャイアンツ ""[1","[1,0]"
"ずいぶん立派で ""[1","[1,0]"
"闇深すぎるというかなんというかw##時間いっぱいあって羨ましいな。毎日暇してそう ""[1","[1,0]"
"基本的に世の中って腐ってて人間って醜いから##本質なんか置いておいて、適切に相手を貶めて利益を得られる環境を作った方が得だっていうのはその通りだと思う ""[1","[1,0]"
"フランスのビッグクラブのPSG来日ということでホテルマンは気をつけなくてはいけないな ""[1","[1,0]"
"塩を大量に摂取すると危険ってことも知らずに生きてきたの##すごく大切に育てられたんだろうなぁ ""[1","[1,0]"
"良いな～良いな～人間って良いな～####普段の動きして 腰砕く～####歩いてるだけで膝裏砕く～##僕は休～む 早退します####金欠 懐 痛い痛い痛い ""[1","[1,0]"
"まぁ、これで維新の大好きな大好きな住民投票やることになりましたな。y-゜゜゜ﾄｺｰｿｰ2ｶｲﾋﾃｲｻﾚﾃﾓﾏﾀﾞｱｷﾗﾒﾅｲﾄｲｳｵｳｼﾞｮｳｷﾞﾜﾉﾜﾙｻｶﾞｱﾙﾆｾﾖ……｡ ""[1","[1,0]"
"ツイステの魅力ってバトルなのか…？ストじゃなく？いままでバトルに魅力感じだことなかったからわからんかった。##スト読みたいよ…。イデアとオルト…どうなったんやシュラウド兄弟。 ""[1","[1,0]"
"三者三様の感性を持つPL全員が口を揃えて｢ふざけんな｣って言ったからね… ""[1","[1,0]"
"つくづく「学校は監獄」と思う。氷NGって指定するのはどうなの？に対して、お菓子を食べてても「氷だよ」と言い張る子が出るかもしれない、ってのを見て確かに…とも思った。##社会で起こり得る不条理を学ぶ場としては素晴らしいんだけどな ""[1","[1,0]"
"日本語版ルールブックは英語版ルールブックの劣化版写本というのが共通認識なのでダメな気がしますね) ""[1","[1,0]"
"アリーナやってたら俺のこと愚痴りながらやるデュオキッズに遭遇##したけど実力で黙らせました__##子供って純粋で可愛いね###エペ###エーペックス###エーペックスレジェンズ###apex###ApexLegends###SwitchApex ""[1","[1,0]"
"パーソナルカラーしたことないけど、肌も黒いしイエローやろってよく言われて、黄疸の数値結構高いって言われてるしイエローではあるね ""[1","[1,0]"
"日本は51番目の州で米の国の__でもある##そうか日本州だったのか####が、近年の日本を見ると↓コレに沿って動いてる気がする____##止めよう__次回選挙で__日本最優先再建出来る政党を選ぶ!真剣にﾈ! ""[1","[1,0]"
"番人裕福な暮らししてそう ""[1","[1,0]"
"まぁ、アンチのおかげで自分は小学生のような可愛い可愛い声だと分かりました笑笑ありがとな、アンチ ""[1","[1,0]"
"英語解読中##[...] な状況が実に気に入ったね  = I just love when [...]##ものすごい騒音を出す = make horrific noise##唯一の [レコーディングの日] = one and only [recording day]#####hololiveEnglish #ホロライブ ""[1","[1,0]"
"あなたの賢さには誰も敵いませんよ####そうでしょうそうでしょう！##あなたこそ、おバカなそのおつむに敵う人はいないと思います！ ""[1","[1,0]"
"サイコパス先生ですね##相手の気持ちを考えられないのに教育者になれるんだから、日本は大したもんだ ""[1","[1,0]"
"カーネーションという名前の由来の一説に、肉の色の花だから、という説があるの。carnは、カーニバルやカニバリズム、英単語のcarnageの元でもあるのよ。肉の色の花って…、ちょっと素敵よね。 ""[1","[1,0]"
"今日はソフトバレー大会かぁ##自治会からチーム出せたかな ""[1","[1,0]"
"GGST、発売少し先とはいえスターターエディションも出すわけで##つまり「今からでも是非新規さん入ってくださいね」って姿勢はより明確になった筈なのだが##その割に公式ページの製品アンケフォームが最初の数ヶ月だけ開いててそれ以降未だに閉じたままなの、最高にロックだな ""[1","[1,0]"
"#国民無視憲法軽視の岸田内閣は即刻退陣しろ###安倍スガより危険な岸田文雄###サヨナラ自民党##来月から外国人旅行者の入国緩和をするようですがロシア人と中国人は、入国禁止宣言したらどうでしょう。 嫌いな国民をわざわざ入れる必要もありません。 ついでに韓国人も･･･ ""[1","[1,0]"
"AVより日本映画を規制した方がいいんじゃない？ ""[1","[1,0]"
"沖縄二軍隊を送って占領したあとに、##「今なら簡単にうちの国民になれますよー」って、##銃を突きつけながら言うわけですね。##分かります。##みんな喜んで国籍を取得するでしょうね。 ""[1","[1,0]"
"絵は描けたし無様なツイートは見られたし、ﾋｮﾛﾜのgood絵も見られたので寝ます いい夜を～_ ""[1","[1,0]"
"とりあえずラッピングバスで税金無駄にしてるんだから、##プールの水の支払いを教員に払わせるように、##企画した人に損失補填してもらわないと。####とか言ってみる。####費用対効果で言ったらラッピングよりマシな方策山盛りありそうなのにね。 ""[1","[1,0]"
"AVなんか観ずに、パートナーと健全にセックスすればいいじゃない。 ""[1","[1,0]"
"今日は25日。お給料日でした。##「あゝ、日本の犬に生まれて良かったー！」##控除欄を睨みながら。 ""[1","[1,0]"
"やっぱ個人通報制度に批准してない司法が中世の極東の黄色い猿の国はダメだな####黄色い猿だから人権がわからないのでしょう ""[1","[1,0]"
"新型コロナに対して、２年半、ノーガード戦法__で対抗してるけど、全くの無傷で、かすり傷一つ負ってないんですが、何か__？##いや～恐ろしい感染症だわ ""[1","[1,0]"
"億単位の賠償金と比べたら『ちり紙』『はした金』『ケツを拭く紙にもなりゃしねぇ』んでしょうよwww##いやぁwwwすごいすごいwwwwww____ ""[1","[1,0]"
"女子からは得点王が出たのに##男子は一点が遠い…####ユンカー次節アウトならいっそ菅澤使えば？#####浦和レッズ ""[1","[1,0]"
"山口県阿武町はふるさと納税でネットカジノをすればきっと流行る！って言ってました ""[1","[1,0]"
"沖縄県返還50年で平和を主張してるわりに戦争真っ只中の国をよく分からんネタに使ってんの十分平和そうに見えてしまうが ""[1","[1,0]"
"お世話になった前課ですが、今までのいろいろを全てごまかして本部に異動した前任者たちのせいで、現任者たちが余計な気づかいをしている。####「あれだけのことをしておいて、謝罪一つよこさないおまえらの顔など見たくないから廊下で私とすれ違うの禁止」####と言い渡したら、 ""[1","[1,0]"
"KIZUNAなのに実質単番でしか申し込めないの草##ほんとラポネのそういうとこ好き ""[1","[1,0]"
"滅茶苦茶腹の立つ案件。多分その加害者はそれなりの地位の人だろう。警察仕事しろよ__もしこれで父親であるツイ主さんがいなければ、つまりシンママとかならその弁償費すらバックれてそう。日本の警察は優秀ですね ""[1","[1,0]"
"幸福度が話題だけど、国会議員の幸福度を調査してほしい。####きっと凄く低くなるんじゃないカナ ""[1","[1,0]"
"いろいろと傾いてるんで、砂上の楼閣がどれだけの成果を出せるかは…ちと厳しかろうな　※陰口ﾔﾒﾅｻｲ^^;) ""[1","[1,0]"
"最近忙しくて分かった事があるんだけど、人間は普通に忙しいとTwitterはもちろん、そもそもスマホ触る時間無くて##ゲームも寝る前にしか見られないンダネ！##職業覇道組！羨ましいゾ__ ""[1","[1,0]"
"ちゃんと保健を学んで無いとこうなるのかぁ ""[1","[1,0]"
"私ってば相変らずお金の使い方が上手い ""[1","[1,0]"
"#ヘチ###ヘチ王座への道 ##韓国時代劇って実在した歴史上の人物の生没年でも勝手に変えてしまうというスゴいドラマなんです__####さて##ここに密豊君という実在人物がいます。##流刑になり毒薬を賜るとかドラマで言ってますが‥景宗まだ王様ですぞ__####密豊君##死ぬの5年程先だぞ##どうするのかな？w ""[1","[1,0]"
"若いうちにTwitterで限界中年男性を見たおかげで、将来こうならないように自分磨き頑張ろって気持ちになるよね。####普段迷惑な限界中年おじさんもそういった点では社会貢献してるね ""[1","[1,0]"
"医者がそんなんなら、コピー機でいいじゃん。AIでいいじゃん。####本当にそうなら医療費削減できるよ__ ""[1","[1,0]"
"ハイブって今全社員が休暇中なの？ ""[1","[1,0]"
"なるほど、性の商品化禁止の流れってわけね。####ビデオ規制の次は風俗店、その後はヌードやら水着のグラビア、そんでもってアイドルも性的なものを想起させるからNGって方向にどんどん広がりそうで、さぞ素晴らしい取り組みですね####ついでに婚前の性交渉も全面禁止にしちまえよ ""[1","[1,0]"
"こんな頭悪くても政治家になれていい生活出来るんだもんな##チョロい職業だよ ""[1","[1,0]"
"とりあえず、DT、SJではない方々は犯罪者として漏れなく投獄しましょうか##そうすれば解決するんでしょ##勿論立件の堤氏、あなたも対象ですよ？####と言いたくなるような素晴らしい記事ですね・・・ ""[1","[1,0]"
"私「xboxゲームパスはタイトル多すぎて消化するの無理」##人間「ぜんぜん余裕だけど？」##私「時間に余裕がある生活で羨ましいわぁ」 ""[1","[1,0]"
"スタナイユニ販売のメンバーで1軍組めたらさぞ強いんでしょうな ""[1","[1,0]"
"男尊女卑が九州の良さだからね ""[1","[1,0]"
"年だよね ""[1","[1,0]"
"今回の佐川の件、いくらイベント専用サービスで撤退せずいるからって「残ってくれてるんだから文句言うんじゃねえ」は違うだろう。それならどんな事故があっても一切苦情を言うな不信を持つな、佐川神を冒涜してるぞと？まあそもそもああいうのは「自己責任」ですからね、特定層が大好きなあれ ""[1","[1,0]"
"えーーー##人生には大切な袋が3つございます####ひとつは 袋ねずみ##ひとつは 袋小路##そしてもうひとつは 袋叩き####でございます####そういうことでおふたりの門出を祝うスピーチとさせていただきます__ｹｯ__ ""[1","[1,0]"
"休憩中にも仕事持ち出してやらないと残業になるからご飯食べる片手間にやってる。##社畜の鑑 ""[1","[1,0]"
"あ、でも本職と売り専の相乗効果でコンスタントに月給35万以上稼げてるし、年に数回貸切指名頂いて給料貰いながら旅行出来たりクソ豪華なホテル泊まれたりするので元カノには色んな意味で感謝してますよ ""[1","[1,0]"
"兵器が球技に隠喩されるとは##平和な世の中になりましたね　 ""[1","[1,0]"
"UEFIのストレージでSSDは認識されてたのだわ、ただブートのとこで選べなかったのよね##どのドライブ名にOS入れたのかとか基本覚えてないのだけど、これがPCデポの自作キットで自分なら絶対チョイスしないだろうサムスンのSSDだから表示名でわかったのよね##サムスンに感謝だわ ""[1","[1,0]"
"隣で戦争やってるのに、日本の国会では国民の代表たる議員たちが嬉々としてアダルトビデオの話をしております。##平和だなあ…… ""[1","[1,0]"
"これ平和ボケの典型だろ。逆にどうしてここまで今の政府を信頼できるのか…羨ましくもある ""[1","[1,0]"
"文科省の元事務次官があんなんだから、反知性主義ったってそりゃもう説得力がなおさらあるわけですよね ""[1","[1,0]"
"本人のツイート見ると、これだけ周囲に迷惑かけまくっておいて全く反省や謝罪の意思がなく、寧ろ被害者かのような文面を見ると並大抵のメンタルではなさそうね ""[1","[1,0]"
"あー、マナー講師って理不尽心折り系企業研修のもっとも「洗練された」外部委託なんだな…。勝手にマナーを増やした結果として理不尽になってるのではなく、理不尽であることそのものにアレな企業の需要があるという…。 ""[1","[1,0]"
"時代錯誤が甚だしくて、大変よろしいですね##70年代にタイムスリップしたのかと思ったわ。 ""[1","[1,0]"
"林大臣の支援表明への返答かな。ありがとうございますみたいな。###北朝鮮###北朝鮮ミサイル ""[1","[1,0]"
"向こうがミサイル2発打ったならこっちも遺憾砲2発打たなきゃなガハハ ""[1","[1,0]"
"今のAPEXランクをやって感じた事は「やるかやられるか」ではなく「掘るかやられるか」やな#####芋 ""[1","[1,0]"
"うわあつまらん奴が言いがちな構ってツイートリアルでお目に書かれるなんて！ ""[1","[1,0]"
"まぁ辞めるって言った時は8:2だったけど、聖淵追加で10:0 今日の復活無効デバフで100:0ぐらい決まったねﾊﾟｱ##うちの復活パーティーのもろ弱いところ出すとは運営さんやるなーって思った ""[1","[1,0]"
"2020年6月24日から経済産業省HPに掲載されているコロナ禍のシナリオです。見事に当たっています。##今から2年と1カ月も前。あの時期、既に世界恐慌は予定されていました。##シナリオは「3通り」あるのではなくて、「3段階」ある、ってことです__ ""[1","[1,0]"
"インタビューで本人が答えたってことは事実でしょ！？####1～4が前から明るみになってるのに、何もお咎めなかったり、今まで注意される等もなかったのか...！？####これでアウトじゃない日本すごーい ""[1","[1,0]"
"当事者の叫びは”不正解”って暗に腐してくんのクソでしょ。扱う言葉すら不正確なこれが”正解”の書評ですか ""[1","[1,0]"
"本当にさぁ…学費無料化とか福祉の充実とか言うと財源がー！っていう人が湧いて出るのに、軍事費とかになるとなーんにも言われないのまじわからん ""[1","[1,0]"
"これがDR:Aの実力 #PS4share ""[1","[1,0]"
"「そんなに人間が好きになったのか、ウルトラマン」####「そんなに人間が好きになったのか、ウルトラマン」####「そんなに人間が好きになったのか、ウルトラマン」####「そんなに人間が好きになったのか、ウルトラマン」####「そんなに人間が好きになったのか、ウルトラマン」 ""[1","[1,0]"
"ロザ｢ロードには極稀にとは言え攻め譲るのに何で私には頑なに譲らないのよ｣##サフ｢俺はロザリィをグズグズにしてやりたいのであって、されたいのではないから｣##ロザ｢そういう事を真っ直ぐな目で言ってくる貴方って本当に最高｣##サフ｢ありがとう♡｣ ""[1","[1,0]"
"____チーム読んだ！もう、なんていうかもう、__先輩の新たな一面を見た##丁寧な言葉遣いの時とか、ちょっと柔らかい語を選ぶ時はコッテコテの嫌味！ここはマジで解釈一致公式ありがとう___ってなった笑##意外だったのは後輩たちの認識！__先輩そんな風に思ってたの！？って驚いたわ__ ""[1","[1,0]"
"亜利沙さんからむちゃくちゃきっしょい返信きた__##シーズンパス購入した価値あるなwww ""[1","[1,0]"
"ロススト初イベントでいきなり難易度高くねぇかあ？##ゴミみたいな手札でブリタニアを相手にしてたルルーシュの気分が味わえていいね ""[1","[1,0]"
"いやー、4番の格の違いを見せつけられた試合でしたね ""[1","[1,0]"
"○○で好き##の構文が溢れすぎて、単純に好きな物を好きと言えなくなる世界。####腕時計素敵と言えなくなる世界みたいだ。 ""[1","[1,0]"
"下手な鉄砲輩ほど能天気と言うかある意味では羨ましい性格してるよ ""[1","[1,0]"
"「勉強は出来てもなんも出来ないで高い給料とは恐れ入るなぁ」という鉄板ネタがあり、高学歴はお荷物という職場は根強く存在する。##でもそういう所はホントに成果を出さない人の集まりで、学歴が飾りになってるのでまあ…差別が生まれるのも仕方なしというか…。 ""[1","[1,0]"
"自分はどんだけできた人間なんでしょうかね ""[1","[1,0]"
"巧みな写真なこと ""[1","[1,0]"
"まあ脳筋バッターしか取らない最近のドラフト戦略##脳筋バッターを放置するファームの育成力が悪いんやけどね####欲しがりませんフォアボール##まんぶり全力フルスイング！####あぁ素晴らしいこと ""[1","[1,0]"
"クラスのカスに「社畜みたいw」って陰口叩かられた####俺って働き者って……ｺﾄｯ?!##ｳﾚｼｲ…! ""[1","[1,0]"
"モンスターに攻撃宣言を行うミッションを考えたスタッフと、ソロモードのデッキ構築を担当したスタッフは素晴らしいセンスを持っていると思う ""[1","[1,0]"
"はい、ガチャ敗北者の末路です。##10連が被り祭りで助かったよほんと #パズドラ ""[1","[1,0]"
"ほぉー##今日も愉快に働いてきた ""[1","[1,0]"
"Safariやedgeで1番調べられてるワードはGoogleだと思う ""[1","[1,0]"
"電車は立ちっぱだと筋トレになるなぁ！ ""[1","[1,0]"
"ゆっくり茶番劇の一連の騒動を誰かゆっくりで解説してほしさ ""[1","[1,0]"
"Xperiaは自然な色味でいいですね！！##SONYのAI凄い！##まるでマニュアルでとったみたい ""[1","[1,0]"
"①米の傀儡である宇の度重なる露への挑発がついにレッドラインを超える。EUは終始見て見ぬふり####②自力で防衛・親露派住民の救済のため、露は軍事的行動に動く####③西側はNATOとの関係もあり露に経済制裁・エネルギー購入を制限####④結果EU生活費高騰・経済的自殺乙####プー「全部私のせいだね 笑」 ""[1","[1,0]"
"これから、「原作厨は～」とかいう人全員柚葉って言っていいですか？##普通にロスワオリキャラ多過ぎのリプにもこのような方々がいらっしゃったので。##まぁ、Twitter上のこのツイート以外で言う気はないんですけどね。 ""[1","[1,0]"
"周平を守備位置ショートのまま三番に置くよりはええは##アリエルの扱いが軽いのなんて周平上がってきたときからだし ""[1","[1,0]"
"今日ウマ娘超楽しいな ""[1","[1,0]"
"うしろでしっかり仕事をしているシリアス ""[1","[1,0]"
"「巌の如く不動であったその胆力、揚州の孫策らが幾度侵そうとしても鎧袖一触にされたその武威、戦わずして時宜を得る者はそれ上の上にして荊州に孤高に屹立なさっておられる。ご家臣がたも、忠義一筋の切れ者、良吏ばかりである。」第壱部より ""[1","[1,0]"
"数年後にBトレ化されてないと良いですね... ""[1","[1,0]"
"自国民を見捨てたまんまなんだけどね。他国には気前のいい騎士田様はおいくら出すのかな。####中国に対抗、6兆円インフラ支援　日米豪印首脳、今後5年で ""[1","[1,0]"
"酒飲みながら仕事してるの、良いなぁ……芸能界ってそういうだらし無さが許される風潮は良いよね ""[1","[1,0]"
"中国に対抗6兆円支援へ 4カ国首脳###Yahooニュース ""[1","[1,0]"
"本当は__さんにとか言わせたいけど私の足りない脳みそではとても導き出せない…だってあんな世界の命運をかけた状況で○○○○○○○○○○○○○○○○○○○とか普通出んやろが…好きだ ""[1","[1,0]"
"#にゃんこ大戦争 ##消滅都市の復刻コラボを今年最初のコラボにするとかセンスありすぎる.... ""[1","[1,0]"
"男だからDVや妊娠の危険性がなくて安全ですね##アホな男女論、関係ないところまで侵食してくるの本当に鬱陶しい…。 ""[1","[1,0]"
"自分の寂しさとか辛さとかそういうの優先できる人ってっていいよなーって思うけど、後先考えずに今のことだけ考えてて令和って感じ ""[1","[1,0]"
"結構モンドのNPC性格悪くない？さすが自由の都！ ""[1","[1,0]"
"某柚葉氏すげぇ ""[1","[1,0]"
"佐川には日頃お世話になってるからさっさと潰れて欲しいけどじゃあそうなった時配送業者どうするかってなったら困るんだよな    優良配送業者ってのは存在し得ないものなの？ ""[1","[1,0]"
"だから、「ひどい」とか思う前に、そもそも自分ができないことを他人に押し付けようとするなよ、という話なんですよ##俺はよく「理想が高いね！」とか「完璧主義だね！」とか言われるけど、「じゃあお前はどうなんだよ」って話になるわけ ""[1","[1,0]"
"巨人は嫌いなのでジャイアンツタオル掲げてるミコは最近の原作並に素晴らしく感じてしまう ""[1","[1,0]"
"ゼミの先生とお話した_____##怒られるどころかそのシステム感心するわ～～と言われとても面白かったです__##まず医療機関だけで8日×8時間は現実的に考えて無理って言われたよ、、、、他の大学では5領域まわって実習の時間を埋めるらしい__________ ""[1","[1,0]"
"流石の佐川クオリティだよね… ""[1","[1,0]"
"すごいなあ、弊社 ""[1","[1,0]"
"未成年の飲酒がニュースになる時代か…真面目君も増えたものだなぁ ""[1","[1,0]"
"大抵の家業って初代が良くても二代目がまともじゃないとたちまち立ち行かないんですが政治家だけはいくらボケてても金もらえんの羨ましいです ""[1","[1,0]"
"ジャの従者根性は熱砂の従者業に就く者は皆そうなのか、ジャ家の教育の賜物なのか、はたまた…前にも呟いたんだけどジャ父の2回勝って３回負けろは程々に手を抜けって話で、アリナリを見ても幼少期から妹相手のゲームも本気で負かすし、今回ジャが自分で言っていた通り自分以外は馬鹿か無能と ""[1","[1,0]"
"twitterをしながら原稿か。器用なものだな ""[1","[1,0]"
"戦争ｶﾞーの一方では銃で殺し合いするようなアプリがストア1位にずっとあり多くのひとが楽しみ##仮にもプロでスポンサー契約してるのがゲームとはいえ銃で殺し合いして人権や障害児を意味するガイジなんて平気で発言したり##日本って平和だね ""[1","[1,0]"
"つくならもっとバレないウソをつかないと ""[1","[1,0]"
"えー担ってさすがだね##あなたたちの担当の顔の方がぶす多いじゃーんwwww ""[1","[1,0]"
"ソロが終わった後は""Since You Been Gone""って決まっているんだ。俺が大嫌いな曲でね。グラハムの栄光の時代の曲だから弾いてやっているだけなんだよ。「俺はRAINBOWにいたんだァ～」って曲だよね１週間しかいなかったくせに！ ""[1","[1,0]"
"セクハラとか精スプとかして叩かれまくっても生き残れるのは強い ""[1","[1,0]"
"他の班の自己紹介してる奴の声が聞こえてきたけど自分の人生設計長々と話しててしっかり""自己紹介""できててイタかった ""[1","[1,0]"
"青年・京都のボイス集全体的に穏やかやねんけど東京に対して殺意高い事に気づいてわろてる なんなの？ ""[1","[1,0]"
"日本の首相って大変ですね ""[1","[1,0]"
"そうなんですよ！！もー、さすがNHKって、思いましたよね！！ ""[1","[1,0]"
"GDPの改ざんやめたら、軍事費のGDP比%爆上がりするんじゃないすかね ""[1","[1,0]"
"ここならちむどんどんできるぞ###yoshidarui###酒場放浪記 ""[1","[1,0]"
"イアソンさえ居なければマトモなのよなぁ ""[1","[1,0]"
"ソロのばんがともにって曲を聴いてソロでAPEXをしております…悲しくないし…聴きながらしてると調子いいし…センチネルで憂さ晴らし…します…悲しくないですけどね…ｳｯｳｯ… ""[1","[1,0]"
"精鋭に頼んで追跡してもらっても行方がさっぱり分からないなんて優秀な相方だわすき ""[1","[1,0]"
"学生じゃないんだから、相手にその気があるかどうか、８割強の確信を持ってからアプローチ始めてほしいし、そこの人間関係とか恋愛事の距離感の測り方バグってるとことかThe陰キャって感じでさすが ""[1","[1,0]"
"弟が外で立派にクレーマーやってて草です##姉として本当に恥ずかしい限りですが、家でも何回言ってもやめてくれる気配がありません##どうしたらいいんですかね ""[1","[1,0]"
"ウィスのさらさらヘアーはいつも攻めのキースがとかして、服もキースが大体決めてるんですが、お前どの口でよその皇帝が美人を着飾って侍らせるのを「お人形遊び…いいご趣味ですね」って言うんやお前もやないかい！って思いますね ""[1","[1,0]"
"見出しの文字だけで中身も意図も考えずにペラペラ講釈垂れてる人みるとほんとにっこりする ""[1","[1,0]"
"あ、もうメインストーリーでは完全に空気な５悪魔をリストラすれば実装できるかもね ""[1","[1,0]"
"満員電車でのお勤め、いつも、お疲れ様です。 ""[1","[1,0]"
"物は言いようだね ""[1","[1,0]"
"まるで商標登録したことを期間すぎるまで黙ってた人みたいに用意周到だぁ… ""[1","[1,0]"
"素敵だね ""[1","[1,0]"
"この大学の魅力はTwitter見れば全てがわかるぞ。 ""[1","[1,0]"
"日本人は順応性高いと言うが、これはただのバカだろw##マスクはファッションでもなんでもない、ましてや常につけとくものでもない。3年経ったらそんな程度の『当たり前』すら忘れたか。####そして恥ずかしげもなく報道するTVもどうかしてる。##コロナの脅威はどこに行ったんでしょうね？ ""[1","[1,0]"
"トリガーをちゃんと映画まで履修した知り合いが「俺は好みじゃなかったけど、まぁこういうのが好きな人もいるんでしょうね」って評価だったのが、シントラマン見た瞬間「シントラマン見た後にトリガー勧めてるやつ嘘だろ」って遠回しに批評してた ""[1","[1,0]"
"富察琅_の陰湿さって、性格由来ではなくて母の教育の賜物だと思う #如懿伝 ""[1","[1,0]"
"イギリス車の似合う天気になって来たな____ ""[1","[1,0]"
"ほ、ほら、、##今年神宮ってビジターだからさ、、 ""[1","[1,0]"
"50代の中年層を境に音楽をどう聞くかまるっきり違う傾向があるように思う。##若者は低音、老人は高音中心に聞いてるケースが多い。これはヒップホップの重低音カルチャーを通過してるか否かではないだろうか。###音楽 #ヒップホップ #オーディオ ""[1","[1,0]"
"岸田首相は検討するって言うてたし検討をしたのでしょう ""[1","[1,0]"
"低糖質もて囃してるんだからちょうどいいんじゃない？ ""[1","[1,0]"
"余裕がある人はいいですね ""[1","[1,0]"
"最初にワクチン受けて手厚く保護されてる世代は考えが違いますねぇ ""[1","[1,0]"
"侵略戦争って、こちらが何もしてないのに攻めてこられるんですけど・・・。##お花畑って、呑気でいいですね ""[1","[1,0]"
"「世界で現役も日本で壊滅 客車列車」ヤフトピを見たが、「箸が転がっても日本は不幸」という編集方針が見事に表れている素晴らしい見出しですね。 ""[1","[1,0]"
"排斥のテクニックは、日々、「いじめ、嫌がらせ、いびり」で磨いていますってか。 ""[1","[1,0]"
"基本クソヤロウだからなんか優しくて甘くて正しいこと言う人間に対しては恵まれてんなあって思ってる  クソヤロウ。 ""[1","[1,0]"
"根に持つタイプって嫌な思い出しか残ってないよね ""[1","[1,0]"
"バレンタインチョコも、ラブレターも自分から発注するシステムがジワる ""[1","[1,0]"
"私もこのオプチャに参加して粛々と観察しております。マナーを守ってデモの実施を目指していらっしゃるようですが、なんせヤマトQ脱退者や塚口氏やらニコミ会、参政党、マッスル船長等々の顔ぶれ…####各団体が勝手な動きをするであろう…期待のデモ行進です。####ちなみにリーダーはヤマトQ熊本! ""[1","[1,0]"
"#自民党を許しません　#自民党は全員落選させよう　山東さん、有事の時には最前線に立ってくれそうですね期待してます ""[1","[1,0]"
"アメリカのプレゼン文化への自己批判としては、このTEDのプレゼンが好き。 ""[1","[1,0]"
"ところで、三角関数は必須だと言っている人たち、それが選択科目であることは置いておくとしても、加法定理も覚えてないなんてことは無いだろうなと言いたい。空で言えなくても構わないから。 ""[1","[1,0]"
"マーガレット##魔弾装備  ヤンキー気質 ##気が強く喧嘩早いが気持ちや感情に敏感で傷つきやすい男。今はメーゼにDVされてる。可哀想。前彼にも同じ事されてませんでした？ちなみにマーガレットの花言葉は「真実の愛」らしい。お前にピッタリだね ""[1","[1,0]"
"この作品が世間から認められるほど賛の意見も否の意見も増えていく##社会問題は注目されてナンボだから ""[1","[1,0]"
"逃げ切りスゴイ。もちろんリスペクトはしないが、ある意味で役人の鑑の様な人。 ""[1","[1,0]"
"日本テレビ「行列のできる法律相談所」で江口寿史氏の特集？本人もご登場。もうずっと「古塔つみ、古塔つみ」頭から離れない。江口さん、ある種のirony で色々やってはる、はず。##コトおじ問題、フェイドアウト。 ""[1","[1,0]"
"フォロワーの周辺でまだ3回目受けるやつがいるんだなと感心してる ""[1","[1,0]"
"マスクしてるのはやっぱりみんな好きなのかなーマスク ""[1","[1,0]"
"底辺がいるおかげで我々は上位にいれるんだから。##底辺に感謝しないとね。##踏み台になってくれてありがとうって ""[1","[1,0]"
"詐欺の方法論だけは学べますね ""[1","[1,0]"
"Taxed Enough Already##またも近づく国政選挙##心のどかに増税歌う##上げろ　上げろよ##上げねばならぬ##上げにや財政ままならぬ ""[1","[1,0]"
"女を同じ人間だと思ってないんだなと思うし世の中の女が全員ロマセクでシスヘテロだと思ってそうなところもクソキモいし、己のチ○コを買い被りすぎでは？##シスヘテロの男を見ていて本当によく思うけど自己評価が相当高くていらっしゃるんですね ""[1","[1,0]"
"別居の時点で日々の子育てできてないけどできてるってことはちゃんと養育費と生活費を払うってことだな__まともな夫さんだな～ ""[1","[1,0]"
"ディズニーもアトラクションのファーストパスに課金かぁ。夢の国なのに、現実的だなぁ。個別指導も「この人に習って、こんなにお高いの？」というケースもありそう。家庭教師で1時間1万円以上の人って、すごいと思う。私はまだまだだなぁ。 ""[1","[1,0]"
"競馬場って綺麗だよね ""[1","[1,0]"
"ビニールフィルムin紙ストロー見たとき思わずにっこりしちゃったよね ""[1","[1,0]"
"白井が球審する度にトレンドに上がるの佐々木朗希みたいやね ""[1","[1,0]"
"..........IQが20違うと話が通じないって現象の理由の一つに、高い方が不要と思ったことをはしょるからとか聞いたことがあったけど、こういうことなのかも不知火 ""[1","[1,0]"
"その場のルールお構いなしに乗り込む、その傍若無人な思考ルーチンを空でもやっただけのこと。##通告無視/無確認もそんな思考から発生しているのでは。##それを報道の自由だと思っているのかも。##仕様仕様。 ""[1","[1,0]"
"ときどき起こる「ウヨがウヨを在日だ通名だと決めつけて同類で争い合う」現象####森友事件の籠池一族も　ウヨから在日扱いされててあれにも笑った####ウヨは超能力者が多いから凄いんだぞ ""[1","[1,0]"
"森林環境税をしてメガソーラ事業は継続とか矛盾していることくらい分かってほしいですね。####政治家さんは頭がいいんですから ""[1","[1,0]"
"また国民が政府にむしり取られてるー。でも支持率はキープするから問題なしですね ""[1","[1,0]"
"感想57##いくえエスメの「そんな力があったら、 自分や仲間のために使ってるわよ」に言い返そうとして口籠もり、ぐぬぬってなるまっしゅフロロー。でもフロローの「踊って腰を捻るように、真実を捻ってみせる」も上手い返しだと思う ""[1","[1,0]"
"実際の自分とは距離ができるし、街を歩いていても皆が｢どうせ横柄な奴だろう｣と思って話し掛けてこないから、いいですね ""[1","[1,0]"
"普通に通報したけど、こんなことガチで考えてるのなら自己肯定感が相当低いんだなあと思う。##可哀想。 ""[1","[1,0]"
"アレギラさん、強いのは初回だけパターンにならないといいですよね ""[1","[1,0]"
"よし、今日は自動車税のために働くぞ～__ ""[1","[1,0]"
"カフェにて隣の席の女性2人####A「Bちゃんって苦労知らなさそうだね。」####B「そうなんですー。実家がお金持ちで苦労してないです！」####A「………。」####むしろ清々しい！！！！！####はい、おはようございます__ ""[1","[1,0]"
"語彙を増やす為に読書をさせた親に育てられた子が「頭の良さそうな表現だが内容が薄い」と教授に指摘された上に言葉の真意を全く理解できない人に育った、あのツイートみたい ""[1","[1,0]"
"免罪符と女性からの称賛への欲求が強いんだよなあ。実際の性犯罪者批判より『可視化されやすい』売買春批判・エロ作品批判の方が妙に過激で他責的に振る舞う人って、性的抑圧キツそう。聖職者的である ""[1","[1,0]"
"それに対して「羨ましい人生ですよ、それは」「あなたな無欲なんですね」と言う台詞が生まれたり、逆に「お前こそ雑念が多すぎるんじゃないのか」と言う台詞も生まれて、なるほどそうかもなと一人で納得する。 ""[1","[1,0]"
"ファッションショーの原色の暴力！って感じのノリノリな河底先生も好きだし正統派に格好いいデュエダンの衣装に鮮やかな青を一筋足さずには居られない河底先生も大好き__ ""[1","[1,0]"
"私「今横浜中華街展に行ってきたんです」##盛岡の中国嫌い佐藤##「あらあら、それは良かったじゃない」####私「」 ""[1","[1,0]"
"一昔前はベリーショートにしてたら全員フェミニストか？みたいに言われてたのにどうなってしまったんだよって感じ ""[1","[1,0]"
"三浦監督の継投、ラミレス時代と何も変わらない。###baystars ""[1","[1,0]"
"「中抜き」までソックリな手法を使うって。。。ここでアウトでしょう。それも病人相手の対策から。憲法の理念に逆行～それで皆さん、憲法が邪魔なんですね。__ ""[1","[1,0]"
"ええやん……似合っとるで ""[1","[1,0]"
"金で集めた優秀な人材なら、当然の行為だよね。###Yahooニュース ""[1","[1,0]"
"エレベーターを使おうとする自分が全ての間違いでした。##自分の身体もっと信用するべきでした。####取り敢えず、人生の先輩マジリスペクトですわ ""[1","[1,0]"
"15話 まあ記憶よりは作画まだ良かったかな 空中換装訓練はこの後何回も見ることになる奴ですねw##↓セリフ集です ""[1","[1,0]"
"猶本が漏れたけど、猶本入れると優勝チームどこよ？みたいな感じになるしなぁ ""[1","[1,0]"
"ブログを更新しました。積み重ねたもの?…無い、ねえ。/##「【千葉ロッテ】井口監督が「この5年間で積み上げてきたもの」って、何かありましたっけ?」#chibalotte ""[1","[1,0]"
"ネットでバズったスキャンダルはすぐにニュースになるのに今回はどこも報じないので、お金って偉大やなと思う。 ""[1","[1,0]"
"2連続で味方にai引いて悲しい ""[1","[1,0]"
"まさにその通り！##皆さん何で「変」って思わないんですかね。 ""[1","[1,0]"
"ランドセルはランドセルで、他に荷物を運ぶようにキャリーケースを持たせればバカも納得すんじゃない？ ""[1","[1,0]"
"東海道新幹線の予約しようと思ってスマートEXなるサービスを使う羽目になっているのだけど控えめに言って最高のUX ""[1","[1,0]"
"もう、投票するの止～めた。##政治なんて、誰がやっても一緒。##選挙なんて、時間の無駄。うるさいだけ。早く終わらないかな ""[1","[1,0]"
"“we wish for world peace”を純度100で真っ直ぐ歌えるアイドル、ジャニーズしかいない ""[1","[1,0]"
"ゼ丿先生の容姿について公式側から言及されたものといえば『ナイスルックガイ』だもんな…そう彼、世間一般的に見てナイスルックガイに分類される男なんよ…それ思い出すたび頭掻きむしってしまう。ナイスルックガイサイエンティスト______攻めすぎる… ""[1","[1,0]"
"今すごいおもしれーーーー！ってなったの、さっきのイギリスのやりとりで記者が「これ飲んだら答えてくれますか？」って質問してるやつ。　因果関係から見てもおかしいし、自分がもてなされてるのにそれを取引にみなす思考面白すぎない？？ ""[1","[1,0]"
"これうまいよなー。縦軸が値段なのが普通と思うけど、逆転してギガを縦軸にして、しかも下に行くほど数字が大きくなるところも逆転。見る側をやや混乱させて一番目を向けさせたいところに目が向くようにしているのかなーと。うん、うまい。 ""[1","[1,0]"
"「具体策は検討中」##文科省もびっくりなのでは？##ってくらいの見切り発車をみた##滋賀県の教職関係の人が無駄に振り回されませんように####長浜市長教育改革で全国最高水準を###Yahooニュース ""[1","[1,0]"
"これはいいなぁ、ひと握りの天才には束になっても勝つことなんて一切できないのがよくわかるなぁ ####質問の仕方がしっかりしてれば無惨に刺されることもなかろうに…####いいなこれ、ランドセルだけじゃなくて汎用性もっと高かったら…… ""[1","[1,0]"
"国内初のコロナワクチンがようやく上市するぞ！ ""[1","[1,0]"
"【sage】＜形＞①賢い、賢明な　　　②賢人ぶった　　　＜名＞①賢人　　　②賢人ぶった人　　　④セージ、サルビア属の植物の総称 ""[1","[1,0]"
"高校生くらいで脳科学教えた方がええよ####脳って記憶とかホルモン分泌を##制御してるわけじゃん？####つまり自分の行動を##意図的に制御できるわけよ####欲望まみれな高校生にはちょうどいいと思うなｗ####まあ今の大人も##十分に生かせる学術だと思うよ####脳科学学ぼうぜ！ ""[1","[1,0]"
"陰謀論者って想像力が豊かだな ""[1","[1,0]"
"独りで飲む酒はうめぇなぁ ""[1","[1,0]"
"ApexのPCpadキル集上げてる人、チャリンコに補助輪つけながら「俺チャリ乗れてるすごくね！！？？」って大声で言ってるようなもんでなんか可愛い ""[1","[1,0]"
"■アイロニーの要素を使ったストーリー展開例## ##・求めていたものを手に入れるが、遅すぎた##・目標からどんどん離れていくが、実は目の前にあった##・意図せずにしたことが目標の達成につながる##・あるものを破壊するために取った行動が自分を破壊させる## ##などなど ""[1","[1,0]"
"ちゃぴちゃん凄いねー。私には出来ないもんって言われる事もあるけど逆に物よくなくしたり落としたり病気ある。##あと昔、小さいライブハウスでかばん置き引きとか連れてかれそうになったり、友達だと思ってたのに金や物盗まれたり__凄い親身に探してくれてたのに。結局警察沙汰よ ""[1","[1,0]"
"ホッピーさん面倒くさい女作るの上手ですね ""[1","[1,0]"
"飲酒運転してる人ってこんな感じでうんてんしてるの逆に尊敬します ""[1","[1,0]"
"姑息、馬鹿、犬、天才。考えてない！##あとは！？ ""[1","[1,0]"
"フランス凱旋だもんな勝つしかないからなACOも協力体制敷いてくれたんだな ""[1","[1,0]"
"皿洗い→米釜洗い→米炊き##で時間も遅いからなるべく素早く洗っていたら音が出ただけで高級な皿なら割れるとか言い始めて文句ばっかり。皆さん高級な皿は贈り物に最適ですよ ""[1","[1,0]"
"いやー良い子が多いワートリの中で燦然と輝く良い性格の水上 ""[1","[1,0]"
"こいつ毎日円陣してんな##仲良し球団だね ""[1","[1,0]"
"人としてゴミみたいなつまらない動画でもDMPは面白いと感じて再生数4桁取れるあたりデュエマ界隈っていいよね ""[1","[1,0]"
"それ「さすが」って言っていいのか？　出てきた相関に対して因果か相関かと言ってツッコんだ気になるのは、単に考える力も理解力もないのを表出してるだけでは。しそこばんはちゃんと2つグラフ示して、何が大事かを比較して明示しとるやん。 ""[1","[1,0]"
"三か月後に購入でセンチュリー契約打ち切った穴埋めを兵庫トヨタにするのでしょうなぁ##さぁ県議会の先生方は腕の見せ所 ""[1","[1,0]"
"「組織委員會が、誰も行ってねぇんだ…ってのが」##「素晴らしいね」 ""[1","[1,0]"
"ポリコレ叩きしてる連中、人生楽しそうだよね ""[1","[1,0]"
"アニクロにプリシクの青眼いれるかー##コナミさんはとことん客商売がお上手だ ""[1","[1,0]"
"路駐を見掛けるとおおー名古屋だぁってなるね。路駐の町 ""[1","[1,0]"
"とりあえず昨日うどんたべにきたらカップルは列に割り込んでいいという新しいルールができた模様なので前の方に並んでるみなさん5分だけカップルになりませんか？って気分になった ""[1","[1,0]"
"auPayマーケットで買い物してる人そんなに多かったんだね ""[1","[1,0]"
"～ 日経新聞 ～##岸田首相の新しい資本主義は「コンクリートも人も」といったところか。「聞く力」のみならず「盛る力」も相当なものである。##◆岸田首相の「新しい資本主義」...##わからん... ""[1","[1,0]"
"たまに駐車場の掃除してて故意では無いんだろうが捨てたヤツが腕とかに当たってめっちゃやな思いしたのは本当にいい思いで ""[1","[1,0]"
"選挙とかでも毎度そうなんだけど自民を応援した覚えは一切ないのに今の国を作ったのはお前らにも問題があるとか言われるしL◯hannel氏がミソジニーやウヨ思想を放置してきたのはうちらの責任だからとか勝手にこちらまで纏めてきて最悪だったんだけど ""[1","[1,0]"
"准教授の肩書きあるだけあるわ ""[1","[1,0]"
"ほんとその通り。ちゃんと##平等なお仕事しましょうね。##プロならばの話ですが ""[1","[1,0]"
"台本に「理想の上司」って書いてあったんじゃないですかね ""[1","[1,0]"
"久しぶりに電車でがっつりメイクしてる女子高生の隣座ったんだけど、久しぶりに見たな…よく揺れてる中でできるよね。##てか人前で化粧ができるのを尊敬する ""[1","[1,0]"
"みなさま、おはようございます～##きんようび、きんようびでございます##「良い趣味をしていますね」###COM3D2 ""[1","[1,0]"
"洗濯もまともに自分でやれない奴が他人をクズ呼ばわりか!やはり甘えん坊の指令塔は違いますな。いやぁ、頭があがりませんねなにせ、何も伝えられてない状態で貶められまくってるんですからね。 ""[1","[1,0]"
"月ノ美兎とか周防サンゴ、壱百満天原サロメとかああいう人たちってネットでウケる面白さの能力を持ってるなって評価は出来るんだけど好きにはなれないんだよな##ああいうさぁ私は面白い人間ですよって武器自覚してセルフプロデュースひけらかすのが苦手なのもあるだろうし好評と好意は違うよな ""[1","[1,0]"
"明るく無邪気な君を描こうと揃えた色は ""[1","[1,0]"
"#私とTwitterで出会えてよかったと思う人はリプで私の名前を呼ぶ####=3##どちらかと言うと人の運命引っ掻き回してる事しかしてないと思う ""[1","[1,0]"
"”ブランドパワー抜きの鉄血の失態をしたガンダム”が境界戦機だからな ""[1","[1,0]"
"I like America &amp; America Likes Meとか陰の人が言わなくない？Sincerity is Scaryとかチルなミュージックしてるし。 #####Peing #質問箱 ""[1","[1,0]"
"目標に掲げていた「今週中に2記事更新」、私は「やった」ぞ。####さすがに、どこかの自称作家先生の書く記事とは商業的な価値が違いますが、充実感と「書く習慣」「考える習慣」につながる可能性を感じさせてくれれば、とりあえず充分です。 ""[1","[1,0]"
"ドルはきっと何よりも先に「さぞ幸せな世界だったろうね」って言ってくれるし、「やれもしないのに駄目とか言ってくんの本当想像力ないよね」「僕も何が悪いかわかるまで3000年かかったし」「洗脳あるある、辻褄合わせマジしんどい」とか愚痴大会開ける ""[1","[1,0]"
"煽るほど暇があって羨ましいわ ""[1","[1,0]"
"プセカの愚痴見てるとリン優│遇で運営の可愛い可愛いリンちゃんだもんねってのよく見るけど、確かに推し贔屓無しで見てもリンちゃんは運営の誰かにリンちゃんは可愛くって言われてるんだろうな～とは思うね。いちいちの言動の可愛さがレベチだもん、、動作の一つ一つが可愛いもん、、、 ""[1","[1,0]"
"良かろうと悪かろうとやるんだってよ##アレだけ視聴者ありきと反省してたのに、舌の根も乾かぬうちにイキリ発言####さすがレジェンドやわ##風格が違う####※画像お借りしましたmm ""[1","[1,0]"
"代理店の実務かつ基礎的すぎる質問にまた1時間電話を使った。月で累算するとおそらく月の3日間はその代理店に出向してることになる。ってゆう考え方で他の代理店の分も想像すると月の3週間位は他の代理店に出向してるようなもんだった。##損保社員の仕事はたった1週間。月に1週間勤務かあ、幸せ。 ""[1","[1,0]"
"KSRさん、コメントないのに一人で話し続けられるのすごいです。 ""[1","[1,0]"
"キラキラSDGsが一切触れたがらない貧困が高評価でジェンダー平等が低評価なの、実態も含めて最高ですね。日本ってノイジーマイノリティ以外は圧倒的に真っ当なんだよなー ""[1","[1,0]"
"会わないと倒れるのにヲタク辞めるの強い ""[1","[1,0]"
"経済の名目成長率を過剰に重視していることを除けば、概ね妥当かな。##安倍政権の素晴らしい実績も載っています ""[1","[1,0]"
"お、なんだか某お亡くなりになるワニ映画思い出したぞwww##　無観客かー感染対策バッチリだな ""[1","[1,0]"
"リエナクターグループで問題児扱い&amp;追放された奴がTwitterで装備販売始めてて笑えるし何より____人がアジア人が買うだろとか言ってたのが現実味帯び始めてて最高に笑える ""[1","[1,0]"
"失われた30年と消費税導入の時期が全く一緒なのも面白い。####私より頭が良いはずの官公庁の職員さんや政治家の皆さんが気付かないわけないよね ""[1","[1,0]"
"静岡公演なのに地域優先に静岡が含まれてないの笑うw何回もサイレント修正するなら最初からダブルチェックぐらいしろよw一般社会で仕事してたらこういうのマジで許されないから羨ましいw ""[1","[1,0]"
"私は前々から環境問題に対して熱心に取り組んできた方ですが、最近SDGsって言えばなんでも許される感あっていいよね ""[1","[1,0]"
"サスアームもナックルも市販車のまんまってことなんかな。コスト管理しっかりしてるうー ""[1","[1,0]"
"そりゃもう「LGBTトイレ」なんてのを名案と褒めそやすくらいの多様性豊かなお国なのでな ""[1","[1,0]"
"「改ざんされてる医学知識」とか「改ざんされた歴史」とか言いたがる人、きっと他の整合性のある理論体系を示せるわけでしょ。興味ありますねえ ""[1","[1,0]"
"さすが鎖国国家ジパング ""[1","[1,0]"
"信用ってそうやって無くしていくんだなって思った教えてくれてありがとう ""[1","[1,0]"
"【Lesson 39】apparently ~####He's not feeling well, apparently.##彼はどうやら気分がよくないようだ。####I guess we missed the train.##_ Yeah, apparently!##「僕らは電車を逃したようだ」「はいはい、どうやらそのようだね！」#####ラジオ英会話 #大西泰斗 #ひとくちラジ英 ""[1","[1,0]"
"さっき、「15万円の酒の差し入れくらい目くじら立てなくても」ってツイート見たし私もそう思わないでは無いので####だったら国会で法律を変えてOKにしてから貰ったら良い##__##「桜を見る会」夕食会にサントリーが3年間、酒を無償提供　識者「違法な寄付の可能性」 ""[1","[1,0]"
"どこの発展途上国の話かと思ったら日本かよ。 ""[1","[1,0]"
"#デジ田 以前にあれこれグダグダしてる政権より、架空のドラマの方が現実味があって。####※今週土曜、最終回####17才の帝国 - NHK ""[1","[1,0]"
"今回のモリアーティの先輩後輩発言と新茶の警戒っぷりから思うに、####・異星側からの寝返り。##・本人の自覚の有無は不明ながら、内通者の役割を担っている。####新茶だからこその疑念と、モリアーティの立場ゆえの発言なんだと思う。 ""[1","[1,0]"
"夜通しやってまともな味方に当たったの2回って最高だよな ""[1","[1,0]"
"本日は連続で2作品鑑賞。##冷静に仕留めていくソファと##縦横無尽に暴れ回るドーナツ…####皆さん創造力が素晴らしいですね、##ホンマええ休日になったわ ""[1","[1,0]"
"やっぱり動画見てると国2よりmeet-meの方が面白そう####きのこの里とたけのこの山程度の違いでしかなさそうではあるけど ""[1","[1,0]"
"今年この作品を改めて観ると、狸の争いも天狗の争いも、人の争いに比べればましなもんだよな…　などと考えてしまうんだけど、「日本一の大天狗」とか呼ばれてる人のせいだと思います。たぶん。 #bs12 #有頂天 ""[1","[1,0]"
"こんな記事書いても金もらえるんか？？？##うらやましいわぁ ""[1","[1,0]"
"『であいもん』9話 吹き替えではない。まあプロには成れなかった感はよく出ているかも。 ""[1","[1,0]"
"コレの弾いてみたをTwitterに上げたら著作権云々でBANされた思い出深い曲よなw ""[1","[1,0]"
"嫁が「フルーツポンチ食べたいから作る」って用意してくれたもの…##まさかのお椀での提供で感動した ""[1","[1,0]"
"今回の判決が確定した場合、全道民が負担する夏の電気代高騰分は、原告と裁判長の御自宅に請求書を送ってくださいませ、北海道電力さん。 ""[1","[1,0]"
"後半から。この人かっこええｗ##「選挙に行かない、政治なんか何にも変わらないっていう人たちがさ、それを許しちゃってるっていうね##うーんいい国だよこの国は。権力者にとっては一番楽。ぜんぜんチェックされないし」###区長になる女岸本さとこ###0619杉並区長選 ""[1","[1,0]"
"なら、外部の上層部から、詰問、査問されたら宜しいでしょう。##保護者対応での如何なる発言も受け止めて相手するのが常道の教員が、苦痛と言える程の事なら、第三者委員会や子供の人権110番調査担当官の査問の場でもさぞや論理的に粛々と説明できる事でしょう ""[1","[1,0]"
"妻が夫に言いがちな##☝_これ「夫が妻に～」ならじゃなくて不適切用語になるのすき ""[1","[1,0]"
"貴方は、思想の違う人から自分や子どもが悪い意味で動物に例えて罵倒されたり罵倒して平気なのか？##“常識ある人”は違うわね ""[1","[1,0]"
"そら弊学は九州王国の最高学府ですから ""[1","[1,0]"
"相手は大学生だけど強い！1-0でも！って言ってたくせにボロカス言う人たち好きよ ""[1","[1,0]"
"あれ？中畑氏が７回３失点で引きずり下ろされたと言ってたが東浜がヒーローでいいの？ ""[1","[1,0]"
"日本ってつくづく平和ですね ""[1","[1,0]"
"これワロw##アホ国家をダシにした代理センソーだからギリセーフ##余計最悪かw ""[1","[1,0]"
"公式に怒られてやんのー笑笑 ""[1","[1,0]"
"iPhone買えなかった難民の受け皿って感じがよく表れててええやん ""[1","[1,0]"
"「資本家の犬」わざわざ犬のパネル用意してまで、こんな言葉を国会の審議で言う人が議員なの？岸内閣を批判したいにしても、幼稚すぎる。＞大石議員##そしてそんな発言を、良く言ったみたいに言ってるツイッター民もいて....日本ヤバいなぁ###国会中継 ""[1","[1,0]"
"あらゆるスピリチュアルな方々が今おめでたいメッセージ受け取ってるの、もう疑わずに全部そうなるって思って受け取ったらいいよね。三次元的な常識とか無視すればいい ""[1","[1,0]"
"「何が悲しくてカレールー抜きライスなんて食わなきゃなんだよ…」##「シャカール君のカレーライスはライスが沢山あって羨ましいねぇ！見たまえよ、私のカレーライスはカレールーばかりで食べにくいったらありゃしない！」##「」 ""[1","[1,0]"
"一人で勝手にうるさくできる人すごい ""[1","[1,0]"
"有償黒麒麟実装だなこれは。##サイゲームスは商売上手 ""[1","[1,0]"
"課税は物価統制の手段だというので、増税の時代かと返したのだが、うまく伝わらなかったようだ。こういうレベルで上から目線というのは、自己評価がおかしいのだろう。 ""[1","[1,0]"
"今日も腹が1日1腹痛のノルマを達成した##主人格は継続出来ない性格なのに内臓は毎日目標達成出来て偉いね… ""[1","[1,0]"
"知らんところで食べられるものわかんなくて、そういう時チェーン店入るんだけど、隣の奥様方があまりに声でかくてイライラするわ……##サンマルク探して入った方が良かったかな。 ""[1","[1,0]"
"いやほんと何度も言うけど弊社まじで福利厚生だけは申し分ないから勿体ないなぁとは思うよ…ボーナスもいいし知名度も高いし仕事できなくてもいい給料貰えるし##けどそれ以上に私はキャリア積みたいから転職するワケだし後悔のないように進むしかない____ ""[1","[1,0]"
"リゾートライン好きの息子達に…####今回はなかった事にする##転売ヤー民は何回並ぶのかな ""[1","[1,0]"
"抜けるたびにアー写更新するの素敵じゃん ""[1","[1,0]"
"そういえばPGtipsは人種差別反対と表明してたもんな。あれからずっとヘイターの標的にされてるのか。####てか、お相手のヘイターさんは自称・元国連職員だそうだけど、ティーポットを知らない国連職員さんっていうのもいるんだなぁ ""[1","[1,0]"
"はてブ更新しました。####ジャーナリストの笹幸恵さんはレコーダーを使って秘密録音をして相手を脅す手口を使っているそうで、なかなか立派なジャーナリズムだと感心してしまいました。####小林よしのりってこんなもの - 脱イボナメクジ宣言 ""[1","[1,0]"
"500人位いて2時間くらい待ちそうなの？####DPAが1500円で売ってるじゃん####※もちろんネタです。なるべくは転売ヤーから買わないようにしましょう ""[1","[1,0]"
"裁判所そのものの業務停止命令を出してほしい時は、どこに訴えたらいいのかな？弾劾裁判所は裁判官の罷免を決めるところだし。 ""[1","[1,0]"
"MARCH附属校時代の女の子達、エスカレーターで大学に上がったのだろう、大学時代に頭いい男青田買いしてそのまま結婚して主婦やってる人がマジで結構な人数いて、##「生きるのうま～！！！」って感動してる ""[1","[1,0]"
"情報もあるが、構図が分かりやすいってのが　あるんだろうな。プーチン悪者にしとけば楽だし。。##シリア内戦もアサドを悪者にはしてたが、ISとの対立など、構図はかなり複雑だし。##まあ、現地で拉致されても情報があまり流れてこないってのはあったよね ""[1","[1,0]"
"目の前の机すら整理整頓できない奴が天下国家を語るとかいい時代になったよな ""[1","[1,0]"
"投資して増やせばいいと個々の国民に言って済ませられるのが自民党政治なら、防衛費も国民に税負担を求めずに税金を投資して増やせばいいと思いますね。 #自民党 ""[1","[1,0]"
"フロアリーダーに気を遣って明確な反対意見出さなかったらそれを「賛同」と取られ、「過半数の賛同が得られたから」と早出8時出勤案を強行できるフロアリーダーの脳内って凄いな ""[1","[1,0]"
"清峰寮の建物は豊田高専の学生が設計したんじゃないかっていうネタがありまして…… ""[1","[1,0]"
"こういうの死ぬほどいるのに水商売女性を救わなきゃ…！ってメシアになれるフェミさんすごいですね____ってなる ""[1","[1,0]"
"まあ自分は「ワナビー」と「モノづくり好き」のどちらかしかいないような分野でやっているわけではないのでなんか噛み合ってない部分があるかもしれん ""[1","[1,0]"
"そういえば、応募要項に原則としてe-RadのPDF変換機能を使って変換しろとあったので使ってみたのだが、なかなかよくできていてすごいね。思わぬトラップでした。フォントとか、レイアウトとか気にして作成したファイルが・・・##無視してローカルで変換してからアップロードが常識？ ""[1","[1,0]"
"これは確かにカズの名前が出てリスペクト感あるけど、ヘラヘラして言ってるから万が一、ironyな感じで言ってたらそれはそれで…。モドリッチだし「それ」は無いとは思うけど。カズの存在がジョークとしてそういった使われ方することも、、あり得なくはないのよね。私が勘繰りすぎてるけど… ""[1","[1,0]"
"相当なボリュームの声だったんでしょうね ""[1","[1,0]"
"今日初めて行った薬局、薬の説明なしで金額言ってきたからマジでびびったわ…これが「薬学的知見に基づく指導」かぁ ""[1","[1,0]"
"縦の関係は厳しく##横の関係に関しては暗黙の了解みたいなのがあってとっても人間味があっていいですね!!! ""[1","[1,0]"
"ライブの終わりは「冒○でしょでしょ？」で決まっているんだ。俺が大嫌いな曲でね。あーやの栄光の時代の曲だから聴いてやっているだけなんだよ。私はハ○ヒだったんだ～って曲だよね劇場版ではあんまり出番なかったくせに！ ""[1","[1,0]"
"66800人のフォロワーに病みツイートを見て貰える絵師、ほんと恵まれてんな ""[1","[1,0]"
"物価高対策で2.7兆円##外遊や他国に支援してる場合じゃないんだよ。国内国民優先にしない岸田内閣はもう破綻している。現に円高で日経もただ下がり…。大臣の人事もずさんすぎて最悪。参議院議員選挙の後が楽しみですね ""[1","[1,0]"
"今から夕飯ですレポートにうつつ抜かしてた##お前最高だよ楽しかったありがとう化学。わざわざ化学式探させる苦労もありがとう ""[1","[1,0]"
"箱なのに途中トイレ行って同じ場所に戻って来れるなんて…##良い時代だねぇ##元の箱ライブに戻ったらそんなの無理だよ？俺は近々来ると思われるその日を見据えて絶対終演まで行かない ""[1","[1,0]"
"原発反対住民ってなんで高齢者しかいないんでしょうね。 ""[1","[1,0]"
"昨日郵便出すとき遠いから一週間かかると言われて亡くならなければいいですよと言っておいた。####未配達の郵便物は１万３０００通超　日本郵便は再配達や差出人に返還へ###Yahooニュース ""[1","[1,0]"
"やっていいよじゃなくて##やりたきゃやればですからね ""[1","[1,0]"
"グラ社会人 ""[1","[1,0]"
"これ子どもは手で掴んで食べていいかどうかを普通に確認してるだけであつて、手で食べろって事？って言ってるとは限らなくないか？ ""[1","[1,0]"
"他人の不調や落ち込みに、当人と同じくらい若しくは当人よりダメージくらう人本当うらやましいわ ""[1","[1,0]"
"二人共悪意の無い若者に対しては「面白い例えだな」って言うけど、メッフィーとかの悪質宇宙人や外星人に対しては「面白い例えだな」って言う ""[1","[1,0]"
"最高にアイロニー効いてるじゃないですか####アイロンマスクなだけにね！！！！ ""[1","[1,0]"
"「ハゲワシと少女」の後日談ですごいのは、ピューリッツァー賞を受賞し1ヶ月後に写真家が自殺してるってことなんだよな。##なぜ写真家を助けなかったのか。 ""[1","[1,0]"
"トイレのピクトグラム。##わたしも色分けされてなくて、男女どちらなのかわからなくて間違えたことあるけど、##プロのデザイナーが作ったのか疑問に思う。##プロは、わかりにくいピクトグラムなど作るはずがないから。 ""[1","[1,0]"
"国会の答弁もゆっくり茶番劇でやればいいんじゃないですかね##野次もー。 ""[1","[1,0]"
"アフリカ：I can't eat coal ! ; 当事者意識####英国：Stop fossi fuels ! ; 制裁####このような特徴がある気がします。私は英国のような感じは好きではありませんが、何が正義で何が悪かなどはわかりません。・・__ ""[1","[1,0]"
"休憩室で堂々と音流しながら動画見るの、メンタル強くて憧れちゃうな ""[1","[1,0]"
"快感のために1箱500円するタバコ吸うぐらいならひとり暮らしの家で0円で彼女とえちえちすればいいのにせめて一緒にいる時ぐらいやめてほちい ""[1","[1,0]"
"アクセシビリティオーバーレイ的なもの、使ってみて便利だよね～って人の声をまず聞いてみたい。そういう人も居る「だろう」とか、要らない「はずだ」、とかじゃなくて。 ""[1","[1,0]"
"速報：人種にもかかわらずコロナにかかる場合がある！##日本人が海外でケガしたり、感染したりするときに海外のメディアは報道しないよ。日本以外の国は感染者数よりも、重病・死亡のみに集中しているからだ。#鎖国 #japantravelban ""[1","[1,0]"
"うわべでは仕方無いから苦笑いで調子合わせといたけど、内心腹の底まで冷え冷えしとったわい##物盗られた話だけでもない##お前を世話になったいい恩師だと思った事なぞ一度もねぇわ　都合の良い記憶だけを抱いて生きて行ける人間は幸せでいいなぁと思った ""[1","[1,0]"
"信じればいいさ！今までよりも""いま""を！限界なんてもん！ゆうに越えろおおおおお！！##この先どんな！辛く厳しい試練が待って！いようと挫けなああああああい！！！涙ぬぐうんだ！！ ""[1","[1,0]"
"「外枠サンキュー」を間に受けてしまってる説笑うんですけどw ""[1","[1,0]"
"維新おもろいことするやんけ ""[1","[1,0]"
"いかにもNHK らしさがあり##爽快感さえ感じる ""[1","[1,0]"
"そもそも、この16タイプ診断の分類が、六星占術を超える信憑性に値するものなのか、この16タイプ診断で金儲けするシステムがどんなものであるかが見えない限り、信じられるものではないが、凡そ合っている気がするのが気味の悪いところ、この気味の悪さこそ占いの醍醐味 ""[1","[1,0]"
"兄が栄転することが決まりまして、今の職場から本部に行くことに。##今の職場で色々やってきた兄は周りからもすごく頼りにされていたこともあり、大小様々な送別の品をたくさんいただいて、持ち帰れない量になってしまったとのこと。####人気者は大変だねぇ####兄、おめでとう。 ""[1","[1,0]"
"いつになったら日本は戦争するの・・・・・ ""[1","[1,0]"
"輸送時間より受取時間の方が遅い時を超越するヤマト運輸。すっごーい##今日届く荷物を勝手に明日の時間指定に変えるなんておふざけが過ぎましてよ！ ""[1","[1,0]"
"でもまぁそういう経験を昇華して今の心優しい性格とお絵描きと創作に繋がってるわけだからそいつらには感謝しても足りないわ ""[1","[1,0]"
"ボルダリング中にマスク着用とか塗装でもするんか_ ""[1","[1,0]"
"たぶんTwitterで見たんだけど、選挙に興味が無い層が一定数居るって言うのはある種、教育の賜物よね。##と思う。大成功じゃん ""[1","[1,0]"
"FCメールが珍しく仕事してる ""[1","[1,0]"
"日共の支持者のフリして日共の評判を下げるバイトもあるのかな？ ""[1","[1,0]"
"いちいちしょーもないツイートだね。####とか寒すぎて冷やし中華が季節外れだねぇ。。 ""[1","[1,0]"
"ミニって言ってるしそもそもこんなたっぷりな汁こうやって入れなかったらどう入れるのよ…企業努力笑みたいに言ってるの多方面から物事を見れない人なんだろうなぁって思う ""[1","[1,0]"
"返信すんなよ##って言葉に##返信してくる##絡み力　おみそれしました ""[1","[1,0]"
"JR西でやったら毎日もらえるねっ！ ""[1","[1,0]"
"最近買ったDSからSwitchに移植されたゲームがマジでク◯ゲーすぎる。####久々にこんな良質なク◯ゲーに出会った。 ""[1","[1,0]"
"「セクハラはずっとあったんだから、ずっとほっといた被害者の責任」って長崎市が主張してるなんて、なんという心の広い自治体なんだ ""[1","[1,0]"
"天使ちゃん ""[1","[1,0]"
"ブログを更新しました。首謀者の父ちゃんだけ偽装離婚してインドネシアに高跳びか。いいご身分だ/##「新型コロナの持続化給付金の不正申請の「指南役」を、まさか一家総出でやってたバカどもがいたとは」#バカ ""[1","[1,0]"
"公式がネタバレって今年も言ってる人にはこの文章が読めないんですね ""[1","[1,0]"
"役立つ事を子供たちに学ばせる～とか、その為の土台の勉強を学校で教えてるんだろうに。キャッチボールは無駄！実戦の試合で覚えろ？ってか。基礎トレーニングは地味なもんだろうに。選り好みの偏った食事も良くないしなぁ。ホントお上の方々は、ちゃんと勉強して欲しい。 ""[1","[1,0]"
"「ほーんとにマスクって便利だよね～～」 ""[1","[1,0]"
"冨樫ちゃんと毎日更新してて逆に心配になる。過労死しちゃうんじゃないの？？ ""[1","[1,0]"
"Udemyのレビューで「知識が豊富な講師」に × がつくたびに「まだまだ邁進させていただきます！」という気持ちになります__ ""[1","[1,0]"
"初動毎回武器偏りすぎてホント神ゲー！！ ""[1","[1,0]"
"内容的には世にも奇妙な物語で30分で済むものを引き延ばしておかしなオチつけた、週刊ストーリーランドのようなアニメ ""[1","[1,0]"
"みつよちゃん、口下手だけど気兼ねない相手には割と話してくれると思ってるのでまさに話したがりの聞いて欲しいジョカノと無口な彼ピ__ ""[1","[1,0]"
"もげ、笑う時もあくびする時も｢一生懸命だね｣って言われるんだけど、馬鹿なこと言って思いっきり爆笑できる人とずっと一緒にいたいな。これはパートナーだけじゃなくて、おとももちもそう。ガキな考えなんだろうけどプライベートくらい許セッ久。 ""[1","[1,0]"
"今週のサタノファニ3####神崎さん、怪我してるのもあるけど千歌と再会早々に死闘をふっかける訳でもないし、ちゃんと情報は教えてくれるから、ただの脳筋バトルジャンキーではないなと ""[1","[1,0]"
"『自分の意見で生きていこう――「正解のない問題」に答えを出せる4つのステップ』読了_####『意見』を持つ重要性を再確認_信頼関係のある方に「ご意見ありがとう」と言ったら反応された…__相互理解に不可欠な最初の一歩と__Agree!! ""[1","[1,0]"
"結局レッドブル勢にはペナルティの類は無かったのね。##ずいぶんと緩～くなりましたね ""[1","[1,0]"
"戦争が終わったら全てが終わると思っている？さすが貴族様 ""[1","[1,0]"
"一緒に飲んでいて悪ノリで「3回先にダウンした方が負け！」というのをやろうとしたがお互い酒を飲みすぎてウンともスンともいわず爆笑　みたいな弓槍の夜見たいよ～__「君はそのままでも問題なかろう？」「いやお前も役立たず状態だからな？」みたいな… ""[1","[1,0]"
"藤田某、わざわざと書き添えるあたりに人間性が出てる ""[1","[1,0]"
"いま既に車でお金を稼ぐ仕事してるのに、ジョブチェンジして、なおかつ生活保護から抜けられるくらい稼ぐ自信がお有りなんですね。 ""[1","[1,0]"
"全てを人のせいにしてキレ散らかす姿、少しは見習ったほうがいいのかもしれない ""[1","[1,0]"
"「廃物と化したアイロニー クリシェを抜け出したいのに」ってそう直訳したら東雲彰人が今まで受けてきた言葉って意味にも取れるな 自分では成長できたと思ってるのに「また誰かの焼き直し？」と吐き捨てられるような ""[1","[1,0]"
"消費税全バックレして税務署から突っ込まれてもその論法で貫いたらおもろいな ""[1","[1,0]"
"この抗議行動に「日当」と「ビール」と「Tシャツ」は支給されないのか？ ""[1","[1,0]"
"我が社は優秀な社員を辞めさせるのがお上手や。####また一人出来るパート社員が消えてしまった。####社員のこと雑に扱いすぎちゃうか？####今の所属部署でなら会社に残る事ができるけどそれ以外の部署は残るのが認められないてどんだけ上から目線よ？ ""[1","[1,0]"
"アニメのすちぇんか編、月が通訳しながら相手の煽りにブチギレるシーン良い…。月は難しい言い回しはできないと言ってたけど口の悪さでいけば尾はさらっと通訳してしまいそう そもそも""ボンボン""なんて言葉いつ使うのよ。 ""[1","[1,0]"
"オタクのくせに金が貯まります ""[1","[1,0]"
"EUや米国、中国などが緊縮財政をやれば、反対に我が国の負担が減り積極財政できたりして##このまま、我が国への移民流入と多民族化が目的ならそれも望み薄か##もうここまでくれば、第二、第三のあんどうさん裕をゲノム編集で増産するしかないか ""[1","[1,0]"
"弁護士は自由競争働いていて良かったですね^_^報酬基準とかやめるともっと敷居低くなると思いますけどね。法曹界的には外国並みに訴訟社会にしてギスギスした社会目指すとパイ増えると思います。 ""[1","[1,0]"
"言葉が強い　アイライクホースの人は格が違う##私はこうは生きられないし少しでも見習いたいわ ""[1","[1,0]"
"迷惑メールが遂にNHKプラスまで名乗るようになったか。####手を変え品を変え、毎度ご苦労様です##____________ ""[1","[1,0]"
"コメントありがとうございます。『分裂病と人類』とか『分裂病と他者』とか『資本主義と分裂症』とか、面白い文明？論だったと思いますが、でも問題だとおっしゃるのでしたら、具体的にどういうところなのか、ご教示いただけたら嬉しいです ""[1","[1,0]"
"昨日、法事でお経聞いたけど、認知症に片足つっこみかけた隠居に近いおじいさんのお経に慣れてたせいか、現役世代の詠唱聞くとものすごくギャップ感じて草 ""[1","[1,0]"
"&gt; 今20代-30代の親世代にリベラルな価値観はそれなりに浸透しており""わきまえている""ため####フェミニストやリベラリストに肯定的なのは40~50代…つまり連中が日頃侮辱している”おっさん”なんですよね。####おば産は何かと大変なので、若い世代は反面教師にして欲しいですね。 ""[1","[1,0]"
"課題が難し過ぎる ""[1","[1,0]"
"お上手 ""[1","[1,0]"
"端から見れば私は健康的に見えると思う。趣味はウォーキングと読書、お菓子も砂糖入りのジュースも摂らない。##実際そう言われる。仕事が22時までの時も、夕飯は帰宅後に摂るんじゃなく仕事中の小休憩で食べてしまう、と会話の流れで言ったら、健康的だなぁとか言われた。 ""[1","[1,0]"
"怪我するの好きだねぇ ""[1","[1,0]"
"所詮##割れ蓋に閉じ蓋だからねw ""[1","[1,0]"
"pixiv使ってるプロ絵師や古参絵師に対して「退会しないからお前も同類」みたいなDM送る奴いたら大したもんだと思うよ ""[1","[1,0]"
"#サントリー##ただ酒くれるんだ__やったね ""[1","[1,0]"
"② デビッドバウアー博士トップワールドのウイルス学者はまた、ファイザーワクチンデータを確認します。2ショット後に免疫システムを破壊する//&gt;&gt;&gt;&gt;とブースターショットは、生き続ける為のサブスクリプション・サービスのようになります&lt;&lt;&lt;&lt; ""[1","[1,0]"
"DVには身近な人間からの激しい加害って意味があるけど、昔は肉体的なものしか重視されておらず、敢えて「精神的」「性的」とすることで意識付けしてるんだろうなーって思ってたんどけど、違うのかな？？？##全部ひっくるめてDVだよね？##で、全部アウトな行為だよね？####私、わからなくなってきた。 ""[1","[1,0]"
"どうして犯罪を軽い言葉で有耶無耶にしちゃうんだろう。「◯◯ハラ」って「いじめ」に似た、本質を誤魔化す言葉だと思う。####それはそうとこの事件の加害者、役満すぎて、こんな犯罪者が社会で生きていけてるんだって逆に感心する ""[1","[1,0]"
"28にもなろうかという歳に、私はジャッキをまともに扱えず、車のタイヤ交換すらできない世の中的には使えない人間だというのがよく分かった。こういう人材を大量に排出している公共施設があるんですよね、学校とかいうらしいんですけど。 ""[1","[1,0]"
"もう服がそんな感じや##親から「ファッションショーできるな」「本当はもっと家を広く使いたいのにお前の服がなければ」って言われるぐらいに… ""[1","[1,0]"
"私的好奇心って面白い表現ですね ""[1","[1,0]"
"文科省による教員の勤務実態調査。##８月は調査するのに、４月や５月、年度末は調査しないのはなぜですかね？####８月に残業が少ない！って言いたいのは明らかなのですが、それすら給特法通りの本来の姿なんですよね。##８月以外の膨大な残業は全て『自発的勤務』で片付けるの？###教師のバトン ""[1","[1,0]"
"日本赤軍は大使館を襲撃するなど日本の国際的地位を貶めるのに獅子奮迅の活躍をしてるからなぁ。花束くらい貰うんじゃね？##昔は日本も世界有数のテロリスト養成国家だったからね。##あと、あまり知られてないけど西側諸国最大の共産主義勢力を保有してるのも日本なんだ。 ""[1","[1,0]"
"日本のサッカーの伸び悩みはまともな解説者がいないからではないか？ ""[1","[1,0]"
"一部の鹿島ファンならアリソンのポジションが悪いとかいいそう ""[1","[1,0]"
"A型が多い日本。A型は面倒くさい事大嫌いなんで、そりゃあ真面目にデータ入力なんてやってられねーよな！#####ワクチンデータ改ざん ""[1","[1,0]"
"人殺しを扇動しても死刑にならないどころか出所できる国。素直に凄い##無実の人間の死は無価値だと言ってるようなもん。##アホクサ。生きる価値の無い国よの。しかも本人、反省の色無しとか何のための刑期だよってね ""[1","[1,0]"
"良かったワクチン一度も打たなくて__##やっぱり令和は自助努力だよね ""[1","[1,0]"
"父は家の掃除をするんだけど、いつも怒りながら掃除してた。##それは「なんで俺がこんなことをしなきゃいけないのか」という怒りに見えたし、私は「家事をしないと怒られる」と刷り込みされ、クソ旦那に尽くす嫁になりました。##教育の賜物ですね。 ""[1","[1,0]"
"衣装がとても丁寧だったのも印象的靴まで！抜かりなく！何故かずいぶん前に見たしずるのFESに似た夏の甘いニオイと湿り気も感じたよ。好きな人たちの今の単独はすっぱり無いものとして暮らしてるけどそれ以外でも素敵なコントも単独ライブも生まれるんだからひとりドーナツ化現象。 ""[1","[1,0]"
"夫、素直だから興味無かったり琴線に触れないものへの愛想笑いだとか反応が出来ないんだよね。青のり混ぜて山芋揚げるって事にピンと来なかったのかな。食事にエンタメ性を求めるくせに、人が調べて工夫した時に限って平静～な夫。ほんとに素直だね ""[1","[1,0]"
"ちゅいったーくんリプにも広告ついて更に見づらくしてくれてありがとう！ ""[1","[1,0]"
"ちゃんと火肉に通せてえらいねぇ～～～～！！！！！ ""[1","[1,0]"
"こういう20代の30年後が楽しみだ ""[1","[1,0]"
"暇すぎてサイチェンのタグぼんやり見てるんだけど、字面だけじゃ場所全然わかんないからこれをしっかり理解する能力＋平気で10万とか積める経済力があるサイチェン勢は本当にすごいと思う ""[1","[1,0]"
"箒星流、TRPG七つの大罪####強欲「掃除で目星の変わりになりますよね！？とりあえず掃除していいですか！？」##嫉妬「このKPCは私のよ！！！」##傲慢「貴方に神の御加護があらんことを」 ""[1","[1,0]"
"TL見ると、山田に辛辣な言葉並んでて、人の手首は高速回転モーターだなと思った ""[1","[1,0]"
"こういう人は東京～博多も飛行機避けで新幹線利用するのか？って嫌味言ったら顔を真っ赤にしてキレそうよね。 ""[1","[1,0]"
"で、そんな『権力の中心』から離れたところで、##謙信派VS信玄派で争っているのは、微笑ましいところはあります。 ""[1","[1,0]"
"そもそも ドラマCDに##こんなに 群がるハメに##なったのは##普段から 回想とか##伏線や追加要素を##怠り、焼き回しの##イベントばかりで##特命調査すら ##マトモに復刻しない##原案ゲームの中身が##あまりにも薄いことも##元凶なんだけどな ""[1","[1,0]"
"今日社長に田中が仕上げたやつを素敵って言われたので酒飲みよる暇もシャドバしてる暇もないなって思いながら飽きるまでAFで遊んでその後飲みに行く##今週もお疲れ様でした ""[1","[1,0]"
"野党がこういう戦略を行えるようになったという事は我が国の未来は明るいと言えますね ""[1","[1,0]"
"ここに至るまでの経緯を理解する為にはめちゃめちゃ遡った「論争」を読み取る必要がある。##一気にオチた感はある。##これで終息するのかすら不明。 ""[1","[1,0]"
"我が家の老害は今日も元気に老害してる ""[1","[1,0]"
"北海道新幹線はJR北海道の経営改善につながる以上に実は沿線自治体からの「お前が貧乏くじを引け」パワハラから解放される側面の方がでかいかも##尤も税金産業とは言えそのパワハラに立ち向かえなかったJR北海道の旧首脳陣の性格の良さも大いに問題 ""[1","[1,0]"
"高校生は土曜日も登校させられて大変どすなあ ""[1","[1,0]"
"twitterは優秀な「クローク型共同体」「カーニバル型共同体」発生装置だと思う ""[1","[1,0]"